Key,Entity,Code,Year,Historical and more recent literacy estimates
AFG1979,Afghanistan,AFG,1979,18.15768
AFG2011,Afghanistan,AFG,2011,31.44885
AFG2015,Afghanistan,AFG,2015,38.16804
AFG2021,Afghanistan,AFG,2021,37.26604
ALB2001,Albania,ALB,2001,98.71298
ALB2008,Albania,ALB,2008,95.93864
ALB2011,Albania,ALB,2011,96.8453
ALB2012,Albania,ALB,2012,97.24697
ALB2015,Albania,ALB,2015,97.5539
ALB2022,Albania,ALB,2022,98.5
DZA1987,Algeria,DZA,1987,49.63088
DZA2002,Algeria,DZA,2002,69.8735
DZA2006,Algeria,DZA,2006,72.64868
DZA2008,Algeria,DZA,2008,75.13605
DZA2015,Algeria,DZA,2015,79.6084
DZA2018,Algeria,DZA,2018,81.40784
ASM1980,American Samoa,ASM,1980,97.34416
AND2011,Andorra,AND,2011,100
AGO2001,Angola,AGO,2001,67.40542
AGO2014,Angola,AGO,2014,66.03011
AGO2015,Angola,AGO,2015,71.16416
AGO2022,Angola,AGO,2022,72.4
AIA1984,Anguilla,AIA,1984,95
ATG2001,Antigua and Barbuda,ATG,2001,98.95
ATG2014,Antigua and Barbuda,ATG,2014,98.95
1990,Arab World,,1990,54.59347
2000,Arab World,,2000,66.006065
2010,Arab World,,2010,77.364586
1978,Arab World (WB),,1978,46.47531
1979,Arab World (WB),,1979,46.94826
1980,Arab World (WB),,1980,47.53087
1981,Arab World (WB),,1981,48.11101
1982,Arab World (WB),,1982,48.67683
1983,Arab World (WB),,1983,48.89918
1984,Arab World (WB),,1984,49.61644
1985,Arab World (WB),,1985,50.50422
1986,Arab World (WB),,1986,51.30673
1987,Arab World (WB),,1987,51.98211
1988,Arab World (WB),,1988,52.97973
1989,Arab World (WB),,1989,53.85493
1990,Arab World (WB),,1990,54.79577
1991,Arab World (WB),,1991,55.81391
1992,Arab World (WB),,1992,56.86386
1993,Arab World (WB),,1993,57.68294
1994,Arab World (WB),,1994,58.44878
1995,Arab World (WB),,1995,59.59429
1996,Arab World (WB),,1996,60.88104
1997,Arab World (WB),,1997,61.82833
1998,Arab World (WB),,1998,63.03689
1999,Arab World (WB),,1999,64.11116
2000,Arab World (WB),,2000,64.8063
2001,Arab World (WB),,2001,66.24235
2002,Arab World (WB),,2002,67.3602
2003,Arab World (WB),,2003,69.98903
2004,Arab World (WB),,2004,70.57378
2005,Arab World (WB),,2005,70.23333
2006,Arab World (WB),,2006,69.12741
2007,Arab World (WB),,2007,69.87659
2008,Arab World (WB),,2008,70.67663
2009,Arab World (WB),,2009,69.58039
2010,Arab World (WB),,2010,70.51842
2011,Arab World (WB),,2011,72.2775
2012,Arab World (WB),,2012,75.70189
2013,Arab World (WB),,2013,73.27648
2014,Arab World (WB),,2014,77.57787
2015,Arab World (WB),,2015,74.98121
2016,Arab World (WB),,2016,76.38673
2017,Arab World (WB),,2017,77.1703
2018,Arab World (WB),,2018,74.28613
2019,Arab World (WB),,2019,74.60366
2020,Arab World (WB),,2020,75.02288
2021,Arab World (WB),,2021,75.23118
2022,Arab World (WB),,2022,75.17153
ARG1900,Argentina,ARG,1900,51.3
ARG1910,Argentina,ARG,1910,60.4
ARG1920,Argentina,ARG,1920,68.2
ARG1930,Argentina,ARG,1930,74.9
ARG1940,Argentina,ARG,1940,81.7
ARG1950,Argentina,ARG,1950,87.6
ARG1960,Argentina,ARG,1960,91.4
ARG1970,Argentina,ARG,1970,93
ARG1979,Argentina,ARG,1979,94.2
ARG1980,Argentina,ARG,1980,93.91286
ARG1991,Argentina,ARG,1991,96.04072
ARG2001,Argentina,ARG,2001,97.19331
ARG2014,Argentina,ARG,2014,98.03402
ARG2015,Argentina,ARG,2015,98.08997
ARM1989,Armenia,ARM,1989,98.75196
ARM2001,Armenia,ARM,2001,99.40016
ARM2011,Armenia,ARM,2011,99.74441
ARM2015,Armenia,ARM,2015,99.76842
ARM2016,Armenia,ARM,2016,99.74441
ARM2017,Armenia,ARM,2017,99.73607
ARM2020,Armenia,ARM,2020,99.78861
ABW2000,Aruba,ABW,2000,97.29125
ABW2010,Aruba,ABW,2010,96.82264
ABW2015,Aruba,ABW,2015,97.5242
ABW2020,Aruba,ABW,2020,97.99
AUS2003,Australia,AUS,2003,99
AUT2011,Austria,AUT,2011,98
AZE1999,Azerbaijan,AZE,1999,98.7918
AZE2007,Azerbaijan,AZE,2007,99.59319
AZE2009,Azerbaijan,AZE,2009,99.75984
AZE2010,Azerbaijan,AZE,2010,99.77114
AZE2011,Azerbaijan,AZE,2011,99.77863
AZE2012,Azerbaijan,AZE,2012,99.77577
AZE2013,Azerbaijan,AZE,2013,99.78936
AZE2014,Azerbaijan,AZE,2014,99.78899
AZE2015,Azerbaijan,AZE,2015,99.78806
AZE2016,Azerbaijan,AZE,2016,99.79006
AZE2017,Azerbaijan,AZE,2017,99.79123
AZE2019,Azerbaijan,AZE,2019,99.79598
BHS2003,Bahamas,BHS,2003,95.6
BHR1981,Bahrain,BHR,1981,69.75351
BHR1991,Bahrain,BHR,1991,84.01383
BHR2001,Bahrain,BHR,2001,86.54874
BHR2010,Bahrain,BHR,2010,94.55679
BHR2011,Bahrain,BHR,2011,92.3
BHR2015,Bahrain,BHR,2015,95.71726
BGD1981,Bangladesh,BGD,1981,29.22723
BGD1991,Bangladesh,BGD,1991,35.3193
BGD2001,Bangladesh,BGD,2001,47.4855
BGD2007,Bangladesh,BGD,2007,46.6636
BGD2011,Bangladesh,BGD,2011,58.76918
BGD2012,Bangladesh,BGD,2012,57.86075
BGD2013,Bangladesh,BGD,2013,61.01554
BGD2014,Bangladesh,BGD,2014,61.0933
BGD2015,Bangladesh,BGD,2015,65.13733
BGD2016,Bangladesh,BGD,2016,72.75872
BGD2017,Bangladesh,BGD,2017,72.89297
BGD2018,Bangladesh,BGD,2018,73.9122
BGD2019,Bangladesh,BGD,2019,74.68446
BGD2020,Bangladesh,BGD,2020,74.9089
BRB1970,Barbados,BRB,1970,99.26808
BRB1980,Barbados,BRB,1980,99.5
BRB2002,Barbados,BRB,2002,99.7
BLR1989,Belarus,BLR,1989,97.88337
BLR1999,Belarus,BLR,1999,99.59073
BLR2009,Belarus,BLR,2009,99.61706
BLR2015,Belarus,BLR,2015,99.72204
BLR2019,Belarus,BLR,2019,99.874
BEL1475,Belgium,BEL,1475,10
BEL1550,Belgium,BEL,1550,17
BEL1650,Belgium,BEL,1650,25
BEL1750,Belgium,BEL,1750,13
BEL2003,Belgium,BEL,2003,99
BLZ1991,Belize,BLZ,1991,70.29842
BLZ2001,Belize,BLZ,2001,80.9
BLZ2015,Belize,BLZ,2015,82.77682
BEN1979,Benin,BEN,1979,16.48273
BEN1992,Benin,BEN,1992,27.24517
BEN2002,Benin,BEN,2002,34.65785
BEN2006,Benin,BEN,2006,28.70211
BEN2012,Benin,BEN,2012,32.94882
BEN2015,Benin,BEN,2015,38.44714
BEN2022,Benin,BEN,2022,47.1
BMU2005,Bermuda,BMU,2005,98
BTN2005,Bhutan,BTN,2005,52.81469
BTN2012,Bhutan,BTN,2012,55.31756
BTN2015,Bhutan,BTN,2015,63.90682
BTN2017,Bhutan,BTN,2017,66.56115
BTN2022,Bhutan,BTN,2022,72.1
BOL1900,Bolivia,BOL,1900,18
BOL1910,Bolivia,BOL,1910,20
BOL1920,Bolivia,BOL,1920,22
BOL1930,Bolivia,BOL,1930,25
BOL1940,Bolivia,BOL,1940,28
BOL1950,Bolivia,BOL,1950,32
BOL1960,Bolivia,BOL,1960,44
BOL1970,Bolivia,BOL,1970,58
BOL1971,Bolivia,BOL,1971,59
BOL1972,Bolivia,BOL,1972,60
BOL1973,Bolivia,BOL,1973,61
BOL1974,Bolivia,BOL,1974,62
BOL1975,Bolivia,BOL,1975,63
BOL1976,Bolivia,BOL,1976,63.20815
BOL1992,Bolivia,BOL,1992,79.99177
BOL2001,Bolivia,BOL,2001,86.72367
BOL2007,Bolivia,BOL,2007,90.74347
BOL2008,Bolivia,BOL,2008,90.69811
BOL2009,Bolivia,BOL,2009,91.16783
BOL2011,Bolivia,BOL,2011,92.22615
BOL2012,Bolivia,BOL,2012,94.46057
BOL2015,Bolivia,BOL,2015,92.45508
BOL2020,Bolivia,BOL,2020,93.85256
BIH1991,Bosnia and Herzegovina,BIH,1991,89.06359
BIH2000,Bosnia and Herzegovina,BIH,2000,96.6631
BIH2011,Bosnia and Herzegovina,BIH,2011,98.14204
BIH2013,Bosnia and Herzegovina,BIH,2013,96.99177
BIH2014,Bosnia and Herzegovina,BIH,2014,98.37765
BIH2015,Bosnia and Herzegovina,BIH,2015,98.48576
BIH2022,Bosnia and Herzegovina,BIH,2022,98.3
BWA1991,Botswana,BWA,1991,68.58091
BWA2003,Botswana,BWA,2003,81.18871
BWA2013,Botswana,BWA,2013,86.82318
BWA2014,Botswana,BWA,2014,87.70751
BWA2015,Botswana,BWA,2015,88.22441
BRA1900,Brazil,BRA,1900,35
BRA1910,Brazil,BRA,1910,35
BRA1920,Brazil,BRA,1920,35
BRA1930,Brazil,BRA,1930,39
BRA1940,Brazil,BRA,1940,44
BRA1950,Brazil,BRA,1950,49
BRA1960,Brazil,BRA,1960,60
BRA1970,Brazil,BRA,1970,68
BRA1979,Brazil,BRA,1979,75
BRA1980,Brazil,BRA,1980,74.58673
BRA2000,Brazil,BRA,2000,86.36788
BRA2004,Brazil,BRA,2004,88.61624
BRA2006,Brazil,BRA,2006,89.61523
BRA2007,Brazil,BRA,2007,90.00937
BRA2008,Brazil,BRA,2008,90.03662
BRA2009,Brazil,BRA,2009,90.29821
BRA2010,Brazil,BRA,2010,90.37918
BRA2011,Brazil,BRA,2011,91.41124
BRA2012,Brazil,BRA,2012,91.33785
BRA2013,Brazil,BRA,2013,91.48424
BRA2014,Brazil,BRA,2014,91.72943
BRA2015,Brazil,BRA,2015,92.0479
BRA2016,Brazil,BRA,2016,92.80844
BRA2017,Brazil,BRA,2017,93.07582
BRA2018,Brazil,BRA,2018,93.2275
BRA2022,Brazil,BRA,2022,94.69
VGB1991,British Virgin Islands,VGB,1991,97.8
BRN1981,Brunei,BRN,1981,77.7355
BRN1991,Brunei,BRN,1991,87.80418
BRN2001,Brunei,BRN,2001,92.67113
BRN2011,Brunei,BRN,2011,96.08556
BRN2015,Brunei,BRN,2015,96.65653
BRN2018,Brunei,BRN,2018,97.21411
BRN2021,Brunei,BRN,2021,97.59
BGR2001,Bulgaria,BGR,2001,98.20356
BGR2011,Bulgaria,BGR,2011,98.35245
BGR2015,Bulgaria,BGR,2015,98.38858
BGR2021,Bulgaria,BGR,2021,98.42
BFA1975,Burkina Faso,BFA,1975,8.83023
BFA1991,Burkina Faso,BFA,1991,13.56923
BFA1996,Burkina Faso,BFA,1996,12.84817
BFA2003,Burkina Faso,BFA,2003,21.82292
BFA2005,Burkina Faso,BFA,2005,23.5222
BFA2006,Burkina Faso,BFA,2006,22.47258
BFA2007,Burkina Faso,BFA,2007,28.29366
BFA2014,Burkina Faso,BFA,2014,34.5994
BFA2015,Burkina Faso,BFA,2015,37.7467
BFA2018,Burkina Faso,BFA,2018,39.34585
BFA2019,Burkina Faso,BFA,2019,29.66328
BFA2022,Burkina Faso,BFA,2022,34.49
BDI1979,Burundi,BDI,1979,22.50855
BDI1990,Burundi,BDI,1990,37.38472
BDI2000,Burundi,BDI,2000,59.30362
BDI2008,Burundi,BDI,2008,48.08406
BDI2014,Burundi,BDI,2014,61.51349
BDI2015,Burundi,BDI,2015,85.49609
BDI2017,Burundi,BDI,2017,68.37533
BDI2022,Burundi,BDI,2022,75.54
KHM1998,Cambodia,KHM,1998,67.33503
KHM2004,Cambodia,KHM,2004,73.60995
KHM2008,Cambodia,KHM,2008,76.87129
KHM2009,Cambodia,KHM,2009,76.13796
KHM2014,Cambodia,KHM,2014,78.05509
KHM2015,Cambodia,KHM,2015,80.52649
KHM2022,Cambodia,KHM,2022,83.78
CMR1976,Cameroon,CMR,1976,41.21621
CMR2000,Cameroon,CMR,2000,68.40916
CMR2007,Cameroon,CMR,2007,70.67994
CMR2010,Cameroon,CMR,2010,71.29051
CMR2015,Cameroon,CMR,2015,74.98558
CMR2018,Cameroon,CMR,2018,77.07104
CMR2020,Cameroon,CMR,2020,78.23
CAN2003,Canada,CAN,2003,99
CPV1990,Cape Verde,CPV,1990,62.79686
CPV2000,Cape Verde,CPV,2000,76.11044
CPV2004,Cape Verde,CPV,2004,80.01972
CPV2012,Cape Verde,CPV,2012,85.32779
CPV2015,Cape Verde,CPV,2015,86.79029
CPV2022,Cape Verde,CPV,2022,91
2000,Caribbean small states,,2000,88.1378
2010,Caribbean small states,,2010,91.76071
CYM2007,Cayman Islands,CYM,2007,98.86782
CYM2017,Cayman Islands,CYM,2017,98.86782
CAF1975,Central African Republic,CAF,1975,18.23617
CAF1988,Central African Republic,CAF,1988,33.62442
CAF2000,Central African Republic,CAF,2000,50.64517
CAF2010,Central African Republic,CAF,2010,36.75261
CAF2015,Central African Republic,CAF,2015,36.75261
CAF2018,Central African Republic,CAF,2018,37.39582
CAF2020,Central African Republic,CAF,2020,37.49
1990,Central Europe and the Baltics,,1990,98.59496
2000,Central Europe and the Baltics,,2000,98.96019
2010,Central Europe and the Baltics,,2010,99.36096
1982,Central Europe and the Baltics (WB),,1982,97.97562
1983,Central Europe and the Baltics (WB),,1983,97.999
1984,Central Europe and the Baltics (WB),,1984,98.03503
1985,Central Europe and the Baltics (WB),,1985,98.06434
1986,Central Europe and the Baltics (WB),,1986,98.09401
1987,Central Europe and the Baltics (WB),,1987,98.12998
1988,Central Europe and the Baltics (WB),,1988,98.21289
1989,Central Europe and the Baltics (WB),,1989,98.27741
1990,Central Europe and the Baltics (WB),,1990,98.34538
1991,Central Europe and the Baltics (WB),,1991,98.40635
1992,Central Europe and the Baltics (WB),,1992,98.4627
1993,Central Europe and the Baltics (WB),,1993,98.51395
1994,Central Europe and the Baltics (WB),,1994,98.56429
1995,Central Europe and the Baltics (WB),,1995,98.61207
2013,Central Europe and the Baltics (WB),,2013,99.29847
2014,Central Europe and the Baltics (WB),,2014,99.31573
2015,Central Europe and the Baltics (WB),,2015,99.33277
2016,Central Europe and the Baltics (WB),,2016,99.3535
2017,Central Europe and the Baltics (WB),,2017,99.37043
2018,Central Europe and the Baltics (WB),,2018,99.38724
2019,Central Europe and the Baltics (WB),,2019,99.40212
2020,Central Europe and the Baltics (WB),,2020,99.41718
2021,Central Europe and the Baltics (WB),,2021,99.42526
2022,Central Europe and the Baltics (WB),,2022,99.42752
TCD1993,Chad,TCD,1993,10.89465
TCD2000,Chad,TCD,2000,25.65421
TCD2004,Chad,TCD,2004,28.38143
TCD2014,Chad,TCD,2014,39.04967
TCD2015,Chad,TCD,2015,26.00299
TCD2016,Chad,TCD,2016,22.31155
TCD2022,Chad,TCD,2022,27.28
CHL1900,Chile,CHL,1900,43
CHL1910,Chile,CHL,1910,53
CHL1920,Chile,CHL,1920,63
CHL1930,Chile,CHL,1930,75
CHL1940,Chile,CHL,1940,73
CHL1950,Chile,CHL,1950,79
CHL1960,Chile,CHL,1960,84
CHL1970,Chile,CHL,1970,88
CHL1979,Chile,CHL,1979,91
CHL1980,Chile,CHL,1980,92
CHL1982,Chile,CHL,1982,91.1284
CHL1992,Chile,CHL,1992,94.29114
CHL2002,Chile,CHL,2002,95.71662
CHL2008,Chile,CHL,2008,98.64901
CHL2009,Chile,CHL,2009,98.55368
CHL2011,Chile,CHL,2011,96.70301
CHL2013,Chile,CHL,2013,96.26706
CHL2015,Chile,CHL,2015,96.87413
CHL2017,Chile,CHL,2017,96.40228
CHL2022,Chile,CHL,2022,97.16
CHN1982,China,CHN,1982,65.50509
CHN1990,China,CHN,1990,77.78506
CHN2000,China,CHN,2000,90.92021
CHN2010,China,CHN,2010,95.12448
CHN2015,China,CHN,2015,96.35745
CHN2020,China,CHN,2020,97.15
COL1900,Colombia,COL,1900,34
COL1910,Colombia,COL,1910,39
COL1920,Colombia,COL,1920,44
COL1930,Colombia,COL,1930,52
COL1940,Colombia,COL,1940,57
COL1950,Colombia,COL,1950,62
COL1960,Colombia,COL,1960,70
COL1970,Colombia,COL,1970,78
COL1971,Colombia,COL,1971,79
COL1972,Colombia,COL,1972,79
COL1973,Colombia,COL,1973,80
COL1974,Colombia,COL,1974,81
COL1975,Colombia,COL,1975,81
COL1976,Colombia,COL,1976,82
COL1977,Colombia,COL,1977,82
COL1978,Colombia,COL,1978,83
COL1979,Colombia,COL,1979,84
COL1980,Colombia,COL,1980,84
COL1981,Colombia,COL,1981,85
COL1993,Colombia,COL,1993,91.06309
COL1996,Colombia,COL,1996,91.20716
COL2004,Colombia,COL,2004,92.80378
COL2005,Colombia,COL,2005,92.84866
COL2006,Colombia,COL,2006,92.29968
COL2007,Colombia,COL,2007,92.65179
COL2008,Colombia,COL,2008,93.37818
COL2009,Colombia,COL,2009,93.24469
COL2010,Colombia,COL,2010,93.37233
COL2011,Colombia,COL,2011,93.58053
COL2014,Colombia,COL,2014,94.18625
COL2015,Colombia,COL,2015,94.24505
COL2016,Colombia,COL,2016,94.65385
COL2018,Colombia,COL,2018,95.09251
COL2019,Colombia,COL,2019,95.24927
COL2020,Colombia,COL,2020,95.63633
COM1980,Comoros,COM,1980,47.91923
COM2000,Comoros,COM,2000,68.48923
COM2012,Comoros,COM,2012,49.19614
COM2014,Comoros,COM,2014,77.57327
COM2015,Comoros,COM,2015,78.13739
COM2022,Comoros,COM,2022,61.71
COG1984,Congo,COG,1984,59.61912
COG2005,Congo,COG,2005,76.11479
COG2011,Congo,COG,2011,79.31117
COG2015,Congo,COG,2015,79.31117
COG2021,Congo,COG,2021,80.61
COK2011,Cook Islands,COK,2011,95
CRI1900,Costa Rica,CRI,1900,36
CRI1910,Costa Rica,CRI,1910,46
CRI1920,Costa Rica,CRI,1920,57
CRI1930,Costa Rica,CRI,1930,67
CRI1940,Costa Rica,CRI,1940,73
CRI1950,Costa Rica,CRI,1950,79
CRI1960,Costa Rica,CRI,1960,83
CRI1970,Costa Rica,CRI,1970,88
CRI1971,Costa Rica,CRI,1971,89
CRI1972,Costa Rica,CRI,1972,89
CRI1973,Costa Rica,CRI,1973,89
CRI1974,Costa Rica,CRI,1974,90
CRI1975,Costa Rica,CRI,1975,90
CRI1976,Costa Rica,CRI,1976,90
CRI1977,Costa Rica,CRI,1977,91
CRI1978,Costa Rica,CRI,1978,91
CRI1979,Costa Rica,CRI,1979,91
CRI1980,Costa Rica,CRI,1980,92
CRI1981,Costa Rica,CRI,1981,92
CRI1982,Costa Rica,CRI,1982,92
CRI1983,Costa Rica,CRI,1983,92
CRI1984,Costa Rica,CRI,1984,92.62904
CRI2000,Costa Rica,CRI,2000,94.86819
CRI2011,Costa Rica,CRI,2011,97.40658
CRI2015,Costa Rica,CRI,2015,97.64725
CRI2021,Costa Rica,CRI,2021,98.04
CIV1988,Cote d'Ivoire,CIV,1988,34.13928
CIV1998,Cote d'Ivoire,CIV,1998,36.35024
CIV2000,Cote d'Ivoire,CIV,2000,48.74076
CIV2012,Cote d'Ivoire,CIV,2012,40.98163
CIV2014,Cote d'Ivoire,CIV,2014,43.90842
CIV2015,Cote d'Ivoire,CIV,2015,43.26532
CIV2019,Cote d'Ivoire,CIV,2019,89.89342
HRV1991,Croatia,HRV,1991,96.70155
HRV2001,Croatia,HRV,2001,98.14668
HRV2011,Croatia,HRV,2011,99.12536
HRV2015,Croatia,HRV,2015,99.27259
HRV2021,Croatia,HRV,2021,99.45
CUB1900,Cuba,CUB,1900,46
CUB1910,Cuba,CUB,1910,57
CUB1920,Cuba,CUB,1920,64
CUB1930,Cuba,CUB,1930,71
CUB1940,Cuba,CUB,1940,76
CUB1950,Cuba,CUB,1950,78
CUB1960,Cuba,CUB,1960,79
CUB1970,Cuba,CUB,1970,89
CUB1971,Cuba,CUB,1971,90
CUB1972,Cuba,CUB,1972,90
CUB1973,Cuba,CUB,1973,90
CUB1974,Cuba,CUB,1974,91
CUB1975,Cuba,CUB,1975,91
CUB1976,Cuba,CUB,1976,91
CUB1977,Cuba,CUB,1977,92
CUB1978,Cuba,CUB,1978,92
CUB1979,Cuba,CUB,1979,92
CUB1980,Cuba,CUB,1980,93
CUB1981,Cuba,CUB,1981,97.84665
CUB2002,Cuba,CUB,2002,99.79907
CUB2012,Cuba,CUB,2012,99.67311
CUB2015,Cuba,CUB,2015,99.71072
CUB2021,Cuba,CUB,2021,99.67311
CYP1992,Cyprus,CYP,1992,94.36247
CYP2001,Cyprus,CYP,2001,96.80363
CYP2011,Cyprus,CYP,2011,98.67843
CYP2015,Cyprus,CYP,2015,99.05978
CYP2021,Cyprus,CYP,2021,99.36
CZE2011,Czechia,CZE,2011,99
COD2001,Democratic Republic of Congo,COD,2001,67.17299
COD2007,Democratic Republic of Congo,COD,2007,61.20555
COD2012,Democratic Republic of Congo,COD,2012,75.01719
COD2015,Democratic Republic of Congo,COD,2015,77.22167
COD2016,Democratic Republic of Congo,COD,2016,77.04268
COD2022,Democratic Republic of Congo,COD,2022,80.54
DNK2003,Denmark,DNK,2003,99
DJI2003,Djibouti,DJI,2003,67.9
DMA2003,Dominica,DMA,2003,94
DOM1920,Dominican Republic,DOM,1920,29
DOM1930,Dominican Republic,DOM,1930,26
DOM1940,Dominican Republic,DOM,1940,30
DOM1950,Dominican Republic,DOM,1950,43
DOM1960,Dominican Republic,DOM,1960,64
DOM1970,Dominican Republic,DOM,1970,67
DOM1971,Dominican Republic,DOM,1971,68
DOM1972,Dominican Republic,DOM,1972,68
DOM1973,Dominican Republic,DOM,1973,69
DOM1974,Dominican Republic,DOM,1974,70
DOM1975,Dominican Republic,DOM,1975,70
DOM1976,Dominican Republic,DOM,1976,71
DOM1977,Dominican Republic,DOM,1977,72
DOM1978,Dominican Republic,DOM,1978,73
DOM1979,Dominican Republic,DOM,1979,73
DOM1980,Dominican Republic,DOM,1980,74
DOM1981,Dominican Republic,DOM,1981,73.06457
DOM2002,Dominican Republic,DOM,2002,86.99647
DOM2007,Dominican Republic,DOM,2007,88.24446
DOM2010,Dominican Republic,DOM,2010,89.53873
DOM2011,Dominican Republic,DOM,2011,90.10638
DOM2012,Dominican Republic,DOM,2012,90.15518
DOM2013,Dominican Republic,DOM,2013,90.85815
DOM2014,Dominican Republic,DOM,2014,91.76376
DOM2015,Dominican Republic,DOM,2015,91.99121
DOM2016,Dominican Republic,DOM,2016,93.77846
DOM2022,Dominican Republic,DOM,2022,95.5
1990,Early-demographic dividend,,1990,59.518055
2000,Early-demographic dividend,,2000,69.11661
2010,Early-demographic dividend,,2010,76.50836
1990,East Asia & Pacific,,1990,82.054344
2000,East Asia & Pacific,,2000,91.61869
2010,East Asia & Pacific,,2010,95.10822
1990,East Asia & Pacific (IDA & IBRD),,1990,79.458626
2000,East Asia & Pacific (IDA & IBRD),,2000,90.649956
2010,East Asia & Pacific (IDA & IBRD),,2010,94.68925
1990,East Asia & Pacific (excluding high income),,1990,79.7442
2000,East Asia & Pacific (excluding high income),,2000,90.77303
2010,East Asia & Pacific (excluding high income),,2010,94.75167
1976,East Asia and the Pacific (WB),,1976,65.691
1977,East Asia and the Pacific (WB),,1977,65.87666
1978,East Asia and the Pacific (WB),,1978,66.96806
1979,East Asia and the Pacific (WB),,1979,68.18393
1980,East Asia and the Pacific (WB),,1980,68.76246
1981,East Asia and the Pacific (WB),,1981,70.37613
1982,East Asia and the Pacific (WB),,1982,70.96971
1983,East Asia and the Pacific (WB),,1983,72.24865
1984,East Asia and the Pacific (WB),,1984,73.23173
1985,East Asia and the Pacific (WB),,1985,74.16798
1986,East Asia and the Pacific (WB),,1986,75.00072
1987,East Asia and the Pacific (WB),,1987,76.17425
1988,East Asia and the Pacific (WB),,1988,79.95977
1989,East Asia and the Pacific (WB),,1989,80.60751
1990,East Asia and the Pacific (WB),,1990,80.46115
1991,East Asia and the Pacific (WB),,1991,81.70511
1992,East Asia and the Pacific (WB),,1992,82.22357
1993,East Asia and the Pacific (WB),,1993,82.68984
1994,East Asia and the Pacific (WB),,1994,83.2462
1995,East Asia and the Pacific (WB),,1995,83.79772
1996,East Asia and the Pacific (WB),,1996,84.29004
1997,East Asia and the Pacific (WB),,1997,89.27749
1998,East Asia and the Pacific (WB),,1998,89.64008
1999,East Asia and the Pacific (WB),,1999,89.96095
2000,East Asia and the Pacific (WB),,2000,90.24882
2001,East Asia and the Pacific (WB),,2001,90.64381
2002,East Asia and the Pacific (WB),,2002,90.98892
2003,East Asia and the Pacific (WB),,2003,91.35197
2004,East Asia and the Pacific (WB),,2004,91.69667
2005,East Asia and the Pacific (WB),,2005,92.01266
2006,East Asia and the Pacific (WB),,2006,92.41628
2007,East Asia and the Pacific (WB),,2007,93.44074
2008,East Asia and the Pacific (WB),,2008,93.72558
2009,East Asia and the Pacific (WB),,2009,94.02799
2010,East Asia and the Pacific (WB),,2010,94.12464
2011,East Asia and the Pacific (WB),,2011,93.83104
2012,East Asia and the Pacific (WB),,2012,94.02285
2013,East Asia and the Pacific (WB),,2013,94.12432
2014,East Asia and the Pacific (WB),,2014,94.65799
2015,East Asia and the Pacific (WB),,2015,94.8695
2016,East Asia and the Pacific (WB),,2016,95.03397
2017,East Asia and the Pacific (WB),,2017,95.20588
2018,East Asia and the Pacific (WB),,2018,95.30794
2019,East Asia and the Pacific (WB),,2019,95.70822
2020,East Asia and the Pacific (WB),,2020,96.00155
2021,East Asia and the Pacific (WB),,2021,96.03774
TLS2001,East Timor,TLS,2001,37.6
TLS2007,East Timor,TLS,2007,50.6
TLS2010,East Timor,TLS,2010,58.30898
TLS2015,East Timor,TLS,2015,64.06614
TLS2020,East Timor,TLS,2020,69.9
ECU1900,Ecuador,ECU,1900,33
ECU1910,Ecuador,ECU,1910,38
ECU1920,Ecuador,ECU,1920,42
ECU1930,Ecuador,ECU,1930,46
ECU1940,Ecuador,ECU,1940,51
ECU1950,Ecuador,ECU,1950,56
ECU1960,Ecuador,ECU,1960,65
ECU1970,Ecuador,ECU,1970,74
ECU1971,Ecuador,ECU,1971,75
ECU1972,Ecuador,ECU,1972,76
ECU1973,Ecuador,ECU,1973,77
ECU1974,Ecuador,ECU,1974,77
ECU1975,Ecuador,ECU,1975,78
ECU1976,Ecuador,ECU,1976,79
ECU1977,Ecuador,ECU,1977,80
ECU1978,Ecuador,ECU,1978,80
ECU1979,Ecuador,ECU,1979,81
ECU1980,Ecuador,ECU,1980,82
ECU1981,Ecuador,ECU,1981,82
ECU1982,Ecuador,ECU,1982,83.55269
ECU1990,Ecuador,ECU,1990,88.29876
ECU2001,Ecuador,ECU,2001,90.98403
ECU2007,Ecuador,ECU,2007,92.09679
ECU2008,Ecuador,ECU,2008,92.39005
ECU2009,Ecuador,ECU,2009,92.24976
ECU2010,Ecuador,ECU,2010,91.85404
ECU2011,Ecuador,ECU,2011,91.5869
ECU2012,Ecuador,ECU,2012,92.06473
ECU2013,Ecuador,ECU,2013,93.29463
ECU2014,Ecuador,ECU,2014,94.22264
ECU2015,Ecuador,ECU,2015,94.45566
ECU2016,Ecuador,ECU,2016,94.35023
ECU2017,Ecuador,ECU,2017,92.82979
ECU2020,Ecuador,ECU,2020,93.6261
ECU2021,Ecuador,ECU,2021,94.48359
ECU2022,Ecuador,ECU,2022,93.94812
EGY1976,Egypt,EGY,1976,38.19676
EGY1986,Egypt,EGY,1986,44.42399
EGY1996,Egypt,EGY,1996,55.587
EGY2005,Egypt,EGY,2005,67.33187
EGY2006,Egypt,EGY,2006,66.36991
EGY2010,Egypt,EGY,2010,72.04785
EGY2012,Egypt,EGY,2012,73.86559
EGY2013,Egypt,EGY,2013,72.4425
EGY2015,Egypt,EGY,2015,75.84262
EGY2017,Egypt,EGY,2017,71.16825
EGY2022,Egypt,EGY,2022,74.5
SLV1900,El Salvador,SLV,1900,26
SLV1910,El Salvador,SLV,1910,27
SLV1920,El Salvador,SLV,1920,27
SLV1930,El Salvador,SLV,1930,28
SLV1940,El Salvador,SLV,1940,35
SLV1950,El Salvador,SLV,1950,42
SLV1960,El Salvador,SLV,1960,48
SLV1970,El Salvador,SLV,1970,58
SLV1971,El Salvador,SLV,1971,59
SLV1972,El Salvador,SLV,1972,60
SLV1973,El Salvador,SLV,1973,61
SLV1974,El Salvador,SLV,1974,61
SLV1975,El Salvador,SLV,1975,62
SLV1992,El Salvador,SLV,1992,74.14316
SLV2004,El Salvador,SLV,2004,80.77836
SLV2006,El Salvador,SLV,2006,83.55946
SLV2007,El Salvador,SLV,2007,82.02863
SLV2008,El Salvador,SLV,2008,83.9513
SLV2009,El Salvador,SLV,2009,84.10289
SLV2010,El Salvador,SLV,2010,84.49272
SLV2011,El Salvador,SLV,2011,85.49399
SLV2013,El Salvador,SLV,2013,86.76758
SLV2015,El Salvador,SLV,2015,87.96985
SLV2016,El Salvador,SLV,2016,88.14177
SLV2017,El Salvador,SLV,2017,88.48271
SLV2018,El Salvador,SLV,2018,89.0086
SLV2019,El Salvador,SLV,2019,89.13792
SLV2020,El Salvador,SLV,2020,89.98453
GNQ2000,Equatorial Guinea,GNQ,2000,88.3083
GNQ2010,Equatorial Guinea,GNQ,2010,94.37054
GNQ2014,Equatorial Guinea,GNQ,2014,94.95674
GNQ2015,Equatorial Guinea,GNQ,2015,95.19566
ERI2002,Eritrea,ERI,2002,52.51395
ERI2008,Eritrea,ERI,2008,64.66297
ERI2014,Eritrea,ERI,2014,72.79049
ERI2015,Eritrea,ERI,2015,73.84525
ERI2018,Eritrea,ERI,2018,76.57052
EST1989,Estonia,EST,1989,99.72644
EST2000,Estonia,EST,2000,99.7672
EST2011,Estonia,EST,2011,99.88579
EST2015,Estonia,EST,2015,99.82351
EST2021,Estonia,EST,2021,99.87
SWZ1976,Eswatini,SWZ,1976,55.32504
SWZ1986,Eswatini,SWZ,1986,67.23938
SWZ2000,Eswatini,SWZ,2000,81.6607
SWZ2010,Eswatini,SWZ,2010,83.09829
SWZ2015,Eswatini,SWZ,2015,87.47019
SWZ2020,Eswatini,SWZ,2020,89.28
ETH1994,Ethiopia,ETH,1994,27.01135
ETH2004,Ethiopia,ETH,2004,35.9
ETH2005,Ethiopia,ETH,2005,29.82034
ETH2007,Ethiopia,ETH,2007,38.99598
ETH2015,Ethiopia,ETH,2015,49.03152
ETH2017,Ethiopia,ETH,2017,51.77118
1990,Europe & Central Asia,,1990,97.26079
2000,Europe & Central Asia,,2000,98.14584
2010,Europe & Central Asia,,2010,98.99759
1990,Europe & Central Asia (IDA & IBRD),,1990,95.9422
2000,Europe & Central Asia (IDA & IBRD),,2000,97.452644
2010,Europe & Central Asia (IDA & IBRD),,2010,98.89095
1990,Europe & Central Asia (excluding high income),,1990,95.56776
2000,Europe & Central Asia (excluding high income),,2000,97.21841
2010,Europe & Central Asia (excluding high income),,2010,98.79964
1994,Europe and Central Asia (WB),,1994,95.7228
1995,Europe and Central Asia (WB),,1995,95.85668
1996,Europe and Central Asia (WB),,1996,96.01994
1997,Europe and Central Asia (WB),,1997,96.14668
1998,Europe and Central Asia (WB),,1998,96.2917
1999,Europe and Central Asia (WB),,1999,96.40454
2000,Europe and Central Asia (WB),,2000,96.49407
2001,Europe and Central Asia (WB),,2001,96.5861
2002,Europe and Central Asia (WB),,2002,96.76737
2003,Europe and Central Asia (WB),,2003,96.86625
2004,Europe and Central Asia (WB),,2004,96.94808
2005,Europe and Central Asia (WB),,2005,97.11324
2006,Europe and Central Asia (WB),,2006,97.14116
2007,Europe and Central Asia (WB),,2007,97.24182
2008,Europe and Central Asia (WB),,2008,97.35377
2009,Europe and Central Asia (WB),,2009,97.41368
2010,Europe and Central Asia (WB),,2010,97.74728
2011,Europe and Central Asia (WB),,2011,97.88421
2012,Europe and Central Asia (WB),,2012,97.98754
2013,Europe and Central Asia (WB),,2013,98.05367
2014,Europe and Central Asia (WB),,2014,98.09614
2015,Europe and Central Asia (WB),,2015,98.13865
2016,Europe and Central Asia (WB),,2016,98.23154
2017,Europe and Central Asia (WB),,2017,98.27937
2018,Europe and Central Asia (WB),,2018,98.39641
2019,Europe and Central Asia (WB),,2019,98.43328
2020,Europe and Central Asia (WB),,2020,98.50483
2021,Europe and Central Asia (WB),,2021,98.52377
2022,Europe and Central Asia (WB),,2022,98.54106
FJI2003,Fiji,FJI,2003,93.7
FIN2000,Finland,FIN,2000,100
2000,Fragile and conflict affected situations,,2000,63.947193
2010,Fragile and conflict affected situations,,2010,68.33667
FRA1475,France,FRA,1475,6
FRA1550,France,FRA,1550,19
FRA1650,France,FRA,1650,29
FRA1750,France,FRA,1750,29
FRA1820,France,FRA,1820,38
FRA1870,France,FRA,1870,69
FRA2003,France,FRA,2003,99
PYF1977,French Polynesia,PYF,1977,98
GAB1993,Gabon,GAB,1993,72.23367
GAB2004,Gabon,GAB,2004,81.84552
GAB2012,Gabon,GAB,2012,82.2838
GAB2015,Gabon,GAB,2015,83.23788
GAB2022,Gabon,GAB,2022,85.69
GMB2000,Gambia,GMB,2000,36.81773
GMB2013,Gambia,GMB,2013,41.95005
GMB2014,Gambia,GMB,2014,54.38756
GMB2015,Gambia,GMB,2015,50.77797
GMB2022,Gambia,GMB,2022,58.67
GEO2002,Georgia,GEO,2002,99.65235
GEO2014,Georgia,GEO,2014,99.58619
GEO2015,Georgia,GEO,2015,99.75962
GEO2017,Georgia,GEO,2017,99.36426
GEO2022,Georgia,GEO,2022,99.57499
DEU1475,Germany,DEU,1475,9
DEU1550,Germany,DEU,1550,16
DEU1650,Germany,DEU,1650,31
DEU1750,Germany,DEU,1750,38
DEU2003,Germany,DEU,2003,99
GHA2000,Ghana,GHA,2000,57.89747
GHA2010,Ghana,GHA,2010,71.49707
GHA2015,Ghana,GHA,2015,76.5759
GHA2020,Ghana,GHA,2020,80.38
GIB2011,Gibraltar,GIB,2011,80
GRC1981,Greece,GRC,1981,90.51232
GRC1991,Greece,GRC,1991,92.61045
GRC2001,Greece,GRC,2001,95.99436
GRC2009,Greece,GRC,2009,93.90511
GRC2014,Greece,GRC,2014,97.53238
GRC2015,Greece,GRC,2015,95.29287
GRL2001,Greenland,GRL,2001,100
GRD1970,Grenada,GRD,1970,97.79447
GRD1980,Grenada,GRD,1980,98.4
GRD2003,Grenada,GRD,2003,96
GUM1980,Guam,GUM,1980,96.42065
GUM1990,Guam,GUM,1990,99.36915
GUM2000,Guam,GUM,2000,99.56
GUM2015,Guam,GUM,2015,99.78904
GTM1900,Guatemala,GTM,1900,12
GTM1910,Guatemala,GTM,1910,13
GTM1920,Guatemala,GTM,1920,15
GTM1930,Guatemala,GTM,1930,19
GTM1940,Guatemala,GTM,1940,24
GTM1950,Guatemala,GTM,1950,29
GTM1960,Guatemala,GTM,1960,35
GTM1970,Guatemala,GTM,1970,45
GTM1971,Guatemala,GTM,1971,46
GTM1972,Guatemala,GTM,1972,47
GTM1973,Guatemala,GTM,1973,48
GTM1974,Guatemala,GTM,1974,48
GTM1975,Guatemala,GTM,1975,49
GTM1976,Guatemala,GTM,1976,50
GTM1977,Guatemala,GTM,1977,51
GTM1978,Guatemala,GTM,1978,52
GTM1979,Guatemala,GTM,1979,52
GTM1994,Guatemala,GTM,1994,64.21164
GTM2002,Guatemala,GTM,2002,69.10173
GTM2012,Guatemala,GTM,2012,78.26486
GTM2013,Guatemala,GTM,2013,77.03867
GTM2014,Guatemala,GTM,2014,81.2859
GTM2015,Guatemala,GTM,2015,79.07421
GTM2018,Guatemala,GTM,2018,80.81068
GTM2022,Guatemala,GTM,2022,84.27
GIN1996,Guinea,GIN,1996,20.55375
GIN2003,Guinea,GIN,2003,29.70402
GIN2010,Guinea,GIN,2010,25.30774
GIN2014,Guinea,GIN,2014,32.00384
GIN2015,Guinea,GIN,2015,30.47279
GIN2018,Guinea,GIN,2018,39.61768
GIN2021,Guinea,GIN,2021,45.33
GNB1979,Guinea-Bissau,GNB,1979,19.95825
GNB2000,Guinea-Bissau,GNB,2000,41.35777
GNB2014,Guinea-Bissau,GNB,2014,45.58116
GNB2015,Guinea-Bissau,GNB,2015,59.77285
GNB2022,Guinea-Bissau,GNB,2022,53.9
GUY2009,Guyana,GUY,2009,84.99401
GUY2014,Guyana,GUY,2014,85.63973
GUY2015,Guyana,GUY,2015,87.53532
GUY2022,Guyana,GUY,2022,90.03
HTI1900,Haiti,HTI,1900,8
HTI1910,Haiti,HTI,1910,8
HTI1920,Haiti,HTI,1920,8
HTI1930,Haiti,HTI,1930,8
HTI1940,Haiti,HTI,1940,9
HTI1950,Haiti,HTI,1950,11
HTI1960,Haiti,HTI,1960,16
HTI1970,Haiti,HTI,1970,22
HTI1971,Haiti,HTI,1971,23
HTI1972,Haiti,HTI,1972,24
HTI1973,Haiti,HTI,1973,25
HTI1974,Haiti,HTI,1974,25
HTI1975,Haiti,HTI,1975,26
HTI1976,Haiti,HTI,1976,27
HTI1977,Haiti,HTI,1977,28
HTI1978,Haiti,HTI,1978,29
HTI1979,Haiti,HTI,1979,30
HTI1980,Haiti,HTI,1980,31
HTI1981,Haiti,HTI,1981,31
HTI1982,Haiti,HTI,1982,34.73469
HTI2003,Haiti,HTI,2003,58.7439
HTI2006,Haiti,HTI,2006,48.68502
HTI2015,Haiti,HTI,2015,60.68935
HTI2016,Haiti,HTI,2016,61.69135
1990,Heavily indebted poor countries (HIPC),,1990,45.420242
2000,Heavily indebted poor countries (HIPC),,2000,52.221073
2010,Heavily indebted poor countries (HIPC),,2010,57.837166
HND1900,Honduras,HND,1900,28
HND1910,Honduras,HND,1910,30
HND1920,Honduras,HND,1920,32
HND1930,Honduras,HND,1930,33
HND1940,Honduras,HND,1940,35
HND1950,Honduras,HND,1950,40
HND1960,Honduras,HND,1960,44
HND1970,Honduras,HND,1970,53
HND1971,Honduras,HND,1971,54
HND1972,Honduras,HND,1972,55
HND1973,Honduras,HND,1973,56
HND1974,Honduras,HND,1974,57
HND1975,Honduras,HND,1975,58
HND1976,Honduras,HND,1976,58
HND1977,Honduras,HND,1977,59
HND1978,Honduras,HND,1978,60
HND1979,Honduras,HND,1979,61
HND1980,Honduras,HND,1980,61
HND1981,Honduras,HND,1981,62
HND1982,Honduras,HND,1982,63
HND1983,Honduras,HND,1983,64
HND1984,Honduras,HND,1984,64
HND1985,Honduras,HND,1985,65
HND1986,Honduras,HND,1986,66
HND1987,Honduras,HND,1987,66
HND1988,Honduras,HND,1988,67
HND1989,Honduras,HND,1989,68
HND2001,Honduras,HND,2001,80.01103
HND2007,Honduras,HND,2007,83.58899
HND2010,Honduras,HND,2010,84.75536
HND2011,Honduras,HND,2011,85.1233
HND2012,Honduras,HND,2012,85.35555
HND2013,Honduras,HND,2013,85.46442
HND2014,Honduras,HND,2014,87.19753
HND2015,Honduras,HND,2015,87.90683
HND2016,Honduras,HND,2016,88.98748
HND2018,Honduras,HND,2018,87.20524
HND2019,Honduras,HND,2019,88.50743
HKG2002,Hong Kong,HKG,2002,93.5
HUN1980,Hungary,HUN,1980,98.85829
HUN1990,Hungary,HUN,1990,99.1
HUN1994,Hungary,HUN,1994,98.98207
HUN2004,Hungary,HUN,2004,99.02922
HUN2014,Hungary,HUN,2014,99.05012
HUN2015,Hungary,HUN,2015,99.38088
HUN2021,Hungary,HUN,2021,99.1
1990,IBRD only,,1990,73.64205
2000,IBRD only,,2000,82.563576
2010,IBRD only,,2010,87.32906
1990,IDA & IBRD total,,1990,69.8612
2000,IDA & IBRD total,,2000,77.90584
2010,IDA & IBRD total,,2010,82.39069
1990,IDA blend,,1990,63.288082
2010,IDA blend,,2010,69.031975
1990,IDA only,,1990,48.29747
2000,IDA only,,2000,55.4478
2010,IDA only,,2010,61.650894
1990,IDA total,,1990,54.1447
2000,IDA total,,2000,59.467594
2010,IDA total,,2010,64.43312
ISL2003,Iceland,ISL,2003,99
IND1981,India,IND,1981,40.76359
IND1991,India,IND,1991,48.22207
IND2001,India,IND,2001,61.01456
IND2006,India,IND,2006,62.75447
IND2011,India,IND,2011,69.30256
IND2015,India,IND,2015,72.2253
IND2022,India,IND,2022,76.32278
IDN1980,Indonesia,IDN,1980,67.31267
IDN1990,Indonesia,IDN,1990,81.51985
IDN2004,Indonesia,IDN,2004,90.38479
IDN2006,Indonesia,IDN,2006,91.98227
IDN2008,Indonesia,IDN,2008,92.1923
IDN2009,Indonesia,IDN,2009,92.5817
IDN2011,Indonesia,IDN,2011,92.81191
IDN2014,Indonesia,IDN,2014,95.11622
IDN2015,Indonesia,IDN,2015,95.21793
IDN2016,Indonesia,IDN,2016,95.37697
IDN2018,Indonesia,IDN,2018,95.65856
IDN2020,Indonesia,IDN,2020,95.99901
IRN1976,Iran,IRN,1976,36.5184
IRN1986,Iran,IRN,1986,52.31976
IRN1991,Iran,IRN,1991,65.5314
IRN1996,Iran,IRN,1996,73.06025
IRN2002,Iran,IRN,2002,77
IRN2005,Iran,IRN,2005,82.4412
IRN2006,Iran,IRN,2006,82.33132
IRN2008,Iran,IRN,2008,82.9623
IRN2012,Iran,IRN,2012,83.62599
IRN2013,Iran,IRN,2013,84.6268
IRN2014,Iran,IRN,2014,84.70524
IRN2015,Iran,IRN,2015,87.17253
IRN2016,Iran,IRN,2016,85.54425
IRN2022,Iran,IRN,2022,88.96
IRQ2000,Iraq,IRQ,2000,74.0522
IRQ2012,Iraq,IRQ,2012,77.2
IRQ2014,Iraq,IRQ,2014,82.2
IRQ2015,Iraq,IRQ,2015,79.72176
IRQ2016,Iraq,IRQ,2016,83.3
IRQ2017,Iraq,IRQ,2017,85.6
IRL1475,Ireland,IRL,1475,0
IRL1550,Ireland,IRL,1550,0
IRL1650,Ireland,IRL,1650,3
IRL1750,Ireland,IRL,1750,21
IRL2003,Ireland,IRL,2003,99
ISR1983,Israel,ISR,1983,91.75141
ISR2004,Israel,ISR,2004,97.1
ITA1475,Italy,ITA,1475,15
ITA1550,Italy,ITA,1550,18
ITA1650,Italy,ITA,1650,23
ITA1750,Italy,ITA,1750,23
ITA1820,Italy,ITA,1820,22
ITA1870,Italy,ITA,1870,32
ITA1981,Italy,ITA,1981,96.46054
ITA2001,Italy,ITA,2001,98.41662
ITA2011,Italy,ITA,2011,98.84828
ITA2015,Italy,ITA,2015,99.01579
ITA2019,Italy,ITA,2019,99.3491
JAM1999,Jamaica,JAM,1999,79.92012
JAM2014,Jamaica,JAM,2014,88.13225
JAM2015,Jamaica,JAM,2015,88.4999
JPN2002,Japan,JPN,2002,99
JOR1979,Jordan,JOR,1979,66.79681
JOR2003,Jordan,JOR,2003,89.89232
JOR2005,Jordan,JOR,2005,91.13075
JOR2007,Jordan,JOR,2007,92.19958
JOR2010,Jordan,JOR,2010,92.55104
JOR2011,Jordan,JOR,2011,95.90445
JOR2012,Jordan,JOR,2012,97.89032
JOR2015,Jordan,JOR,2015,98.01435
JOR2021,Jordan,JOR,2021,98.42
KAZ1989,Kazakhstan,KAZ,1989,97.52938
KAZ1999,Kazakhstan,KAZ,1999,99.51266
KAZ2009,Kazakhstan,KAZ,2009,99.73241
KAZ2010,Kazakhstan,KAZ,2010,99.78163
KAZ2015,Kazakhstan,KAZ,2015,99.78785
KAZ2020,Kazakhstan,KAZ,2020,99.8
KEN2000,Kenya,KEN,2000,82.22908
KEN2007,Kenya,KEN,2007,72.15703
KEN2014,Kenya,KEN,2014,78.73304
KEN2015,Kenya,KEN,2015,78.0234
KEN2022,Kenya,KEN,2022,82.88
OWID_KOS2007,Kosovo,OWID_KOS,2007,91.9
KWT1975,Kuwait,KWT,1975,59.56439
KWT1980,Kuwait,KWT,1980,67.51766
KWT1985,Kuwait,KWT,1985,74.49087
KWT1995,Kuwait,KWT,1995,78.3955
KWT2005,Kuwait,KWT,2005,93.27446
KWT2006,Kuwait,KWT,2006,93.28212
KWT2007,Kuwait,KWT,2007,93.66419
KWT2008,Kuwait,KWT,2008,93.8983
KWT2010,Kuwait,KWT,2010,94.46901
KWT2012,Kuwait,KWT,2012,95.51317
KWT2013,Kuwait,KWT,2013,95.58582
KWT2015,Kuwait,KWT,2015,95.68545
KWT2017,Kuwait,KWT,2017,96.03595
KWT2018,Kuwait,KWT,2018,96.05647
KWT2020,Kuwait,KWT,2020,96.45754
KGZ1999,Kyrgyzstan,KGZ,1999,98.70161
KGZ2009,Kyrgyzstan,KGZ,2009,99.24343
KGZ2015,Kyrgyzstan,KGZ,2015,99.50132
KGZ2019,Kyrgyzstan,KGZ,2019,99.6
LAO1995,Laos,LAO,1995,60.25133
LAO2000,Laos,LAO,2000,69.58312
LAO2001,Laos,LAO,2001,68.73439
LAO2005,Laos,LAO,2005,72.70226
LAO2011,Laos,LAO,2011,58.28794
LAO2015,Laos,LAO,2015,84.66104
LAO2022,Laos,LAO,2022,87.52
1990,Late-demographic dividend,,1990,82.47946
2000,Late-demographic dividend,,2000,91.466995
2010,Late-demographic dividend,,2010,94.78494
1990,Latin America & Caribbean,,1990,87.46383
2000,Latin America & Caribbean,,2000,89.73644
2010,Latin America & Caribbean,,2010,92.62431
1990,Latin America & Caribbean (IDA & IBRD),,1990,87.06507
2000,Latin America & Caribbean (IDA & IBRD),,2000,89.47367
2010,Latin America & Caribbean (IDA & IBRD),,2010,92.4664
1990,Latin America & Caribbean (excluding high income),,1990,87.10164
2000,Latin America & Caribbean (excluding high income),,2000,89.45039
2010,Latin America & Caribbean (excluding high income),,2010,92.44799
1974,Latin America and Caribbean (WB),,1974,78.71795
1975,Latin America and Caribbean (WB),,1975,78.73679
1976,Latin America and Caribbean (WB),,1976,79.08727
1977,Latin America and Caribbean (WB),,1977,79.48948
1978,Latin America and Caribbean (WB),,1978,79.92699
1979,Latin America and Caribbean (WB),,1979,80.32272
1980,Latin America and Caribbean (WB),,1980,80.63629
1981,Latin America and Caribbean (WB),,1981,81.06476
1982,Latin America and Caribbean (WB),,1982,81.44642
1983,Latin America and Caribbean (WB),,1983,81.84256
1984,Latin America and Caribbean (WB),,1984,82.2144
1985,Latin America and Caribbean (WB),,1985,82.5733
1986,Latin America and Caribbean (WB),,1986,82.92528
1987,Latin America and Caribbean (WB),,1987,83.21761
1988,Latin America and Caribbean (WB),,1988,83.70771
1989,Latin America and Caribbean (WB),,1989,84.14951
1990,Latin America and Caribbean (WB),,1990,84.46313
1991,Latin America and Caribbean (WB),,1991,85.06566
1992,Latin America and Caribbean (WB),,1992,85.6456
1993,Latin America and Caribbean (WB),,1993,86.24845
1994,Latin America and Caribbean (WB),,1994,86.82307
1995,Latin America and Caribbean (WB),,1995,87.40622
1996,Latin America and Caribbean (WB),,1996,87.72445
1997,Latin America and Caribbean (WB),,1997,88.04447
1998,Latin America and Caribbean (WB),,1998,88.39904
1999,Latin America and Caribbean (WB),,1999,88.70349
2000,Latin America and Caribbean (WB),,2000,88.956
2001,Latin America and Caribbean (WB),,2001,89.14797
2002,Latin America and Caribbean (WB),,2002,89.29534
2003,Latin America and Caribbean (WB),,2003,90.08651
2004,Latin America and Caribbean (WB),,2004,90.02801
2005,Latin America and Caribbean (WB),,2005,90.51114
2006,Latin America and Caribbean (WB),,2006,90.46458
2007,Latin America and Caribbean (WB),,2007,91.07581
2008,Latin America and Caribbean (WB),,2008,91.32739
2009,Latin America and Caribbean (WB),,2009,91.59747
2010,Latin America and Caribbean (WB),,2010,91.58735
2011,Latin America and Caribbean (WB),,2011,92.15575
2012,Latin America and Caribbean (WB),,2012,92.39838
2013,Latin America and Caribbean (WB),,2013,92.44463
2014,Latin America and Caribbean (WB),,2014,92.88939
2015,Latin America and Caribbean (WB),,2015,93.05001
2016,Latin America and Caribbean (WB),,2016,93.52842
2017,Latin America and Caribbean (WB),,2017,93.59473
2018,Latin America and Caribbean (WB),,2018,93.72667
2019,Latin America and Caribbean (WB),,2019,94.17398
2020,Latin America and Caribbean (WB),,2020,94.19925
2021,Latin America and Caribbean (WB),,2021,94.45465
2022,Latin America and Caribbean (WB),,2022,94.60012
LVA1989,Latvia,LVA,1989,99.4523
LVA2000,Latvia,LVA,2000,99.74657
LVA2011,Latvia,LVA,2011,99.8959
LVA2015,Latvia,LVA,2015,99.89269
LVA2021,Latvia,LVA,2021,99.89
1990,Least developed countries: UN classification,,1990,45.830433
2000,Least developed countries: UN classification,,2000,53.4134
2010,Least developed countries: UN classification,,2010,60.568233
LBN2007,Lebanon,LBN,2007,89.61244
LBN2009,Lebanon,LBN,2009,91.18419
LBN2015,Lebanon,LBN,2015,94.0511
LBN2019,Lebanon,LBN,2019,95.3
LSO2000,Lesotho,LSO,2000,86.25443
LSO2009,Lesotho,LSO,2009,75.8002
LSO2014,Lesotho,LSO,2014,76.6352
LSO2015,Lesotho,LSO,2015,79.36093
LSO2022,Lesotho,LSO,2022,82.01
LBR1984,Liberia,LBR,1984,32.10677
LBR1994,Liberia,LBR,1994,42.66605
LBR2004,Liberia,LBR,2004,43.10837
LBR2007,Liberia,LBR,2007,42.94108
LBR2015,Liberia,LBR,2015,47.60014
LBR2017,Liberia,LBR,2017,48.30136
LBY1984,Libya,LBY,1984,60.16439
LBY1994,Libya,LBY,1994,76.5
LBY2004,Libya,LBY,2004,85.41682
LBY2014,Libya,LBY,2014,91.04144
LBY2015,Libya,LBY,2015,91.38887
LIE2011,Liechtenstein,LIE,2011,100
LTU1989,Lithuania,LTU,1989,98.44127
LTU2001,Lithuania,LTU,2001,99.64575
LTU2011,Lithuania,LTU,2011,99.8156
LTU2015,Lithuania,LTU,2015,99.82328
LTU2021,Lithuania,LTU,2021,99.83
1990,Low income,,1990,46.02458
2000,Low income,,2000,52.69497
2010,Low income,,2010,56.57406
1988,Low-income countries,,1988,46.46776
1989,Low-income countries,,1989,46.91318
1990,Low-income countries,,1990,47.39702
1991,Low-income countries,,1991,47.67013
1992,Low-income countries,,1992,47.86018
1993,Low-income countries,,1993,48.05545
1994,Low-income countries,,1994,48.47019
1995,Low-income countries,,1995,48.68699
1996,Low-income countries,,1996,49.01804
1997,Low-income countries,,1997,49.68811
1998,Low-income countries,,1998,50.38674
1999,Low-income countries,,1999,50.95138
2000,Low-income countries,,2000,51.08766
2001,Low-income countries,,2001,52.20483
2002,Low-income countries,,2002,52.86006
2003,Low-income countries,,2003,53.04443
2004,Low-income countries,,2004,54.50513
2005,Low-income countries,,2005,53.67301
2006,Low-income countries,,2006,52.02352
2007,Low-income countries,,2007,53.35608
2008,Low-income countries,,2008,54.1951
2009,Low-income countries,,2009,54.65457
2010,Low-income countries,,2010,55.08571
2011,Low-income countries,,2011,57.13771
2012,Low-income countries,,2012,57.59889
2013,Low-income countries,,2013,58.55048
2014,Low-income countries,,2014,58.89173
2015,Low-income countries,,2015,59.36031
2016,Low-income countries,,2016,60.10976
2017,Low-income countries,,2017,61.12589
2018,Low-income countries,,2018,60.92019
2019,Low-income countries,,2019,61.11123
2020,Low-income countries,,2020,61.18985
2021,Low-income countries,,2021,61.66338
2022,Low-income countries,,2022,61.87062
1990,Lower middle income,,1990,58.59612
2000,Lower middle income,,2000,67.3316
2010,Lower middle income,,2010,73.91008
1975,Lower-middle-income countries,,1975,46.08655
1976,Lower-middle-income countries,,1976,46.21935
1977,Lower-middle-income countries,,1977,46.74835
1978,Lower-middle-income countries,,1978,47.29462
1979,Lower-middle-income countries,,1979,47.81219
1980,Lower-middle-income countries,,1980,48.36388
1981,Lower-middle-income countries,,1981,48.55208
1982,Lower-middle-income countries,,1982,49.45058
1983,Lower-middle-income countries,,1983,50.02004
1984,Lower-middle-income countries,,1984,50.62377
1985,Lower-middle-income countries,,1985,51.23839
1986,Lower-middle-income countries,,1986,51.76948
1987,Lower-middle-income countries,,1987,52.62234
1988,Lower-middle-income countries,,1988,53.31907
1989,Lower-middle-income countries,,1989,54.04309
1990,Lower-middle-income countries,,1990,54.91134
1991,Lower-middle-income countries,,1991,55.46039
1992,Lower-middle-income countries,,1992,56.43855
1993,Lower-middle-income countries,,1993,57.25194
1994,Lower-middle-income countries,,1994,57.99136
1995,Lower-middle-income countries,,1995,58.78256
1996,Lower-middle-income countries,,1996,59.54242
1997,Lower-middle-income countries,,1997,60.26108
1998,Lower-middle-income countries,,1998,63.48546
1999,Lower-middle-income countries,,1999,64.18974
2000,Lower-middle-income countries,,2000,64.36212
2001,Lower-middle-income countries,,2001,64.92597
2002,Lower-middle-income countries,,2002,65.69058
2003,Lower-middle-income countries,,2003,66.75361
2004,Lower-middle-income countries,,2004,67.48014
2005,Lower-middle-income countries,,2005,67.13873
2006,Lower-middle-income countries,,2006,67.42352
2007,Lower-middle-income countries,,2007,67.74212
2008,Lower-middle-income countries,,2008,68.38011
2009,Lower-middle-income countries,,2009,69.18902
2010,Lower-middle-income countries,,2010,70.93375
2011,Lower-middle-income countries,,2011,71.01206
2012,Lower-middle-income countries,,2012,71.84989
2013,Lower-middle-income countries,,2013,72.41251
2014,Lower-middle-income countries,,2014,73.23756
2015,Lower-middle-income countries,,2015,74.02703
2016,Lower-middle-income countries,,2016,74.70815
2017,Lower-middle-income countries,,2017,75.37246
2018,Lower-middle-income countries,,2018,75.94947
2019,Lower-middle-income countries,,2019,76.15857
2020,Lower-middle-income countries,,2020,76.69681
2021,Lower-middle-income countries,,2021,77.25923
2022,Lower-middle-income countries,,2022,77.79563
LUX2000,Luxembourg,LUX,2000,100
MAC1981,Macao,MAC,1981,90.37818
MAC2001,Macao,MAC,2001,91.29537
MAC2006,Macao,MAC,2006,93.49975
MAC2011,Macao,MAC,2011,95.64004
MAC2015,Macao,MAC,2015,96.2276
MAC2016,Macao,MAC,2016,96.53849
MAC2021,Macao,MAC,2021,97.11
MDG2000,Madagascar,MDG,2000,70.68617
MDG2005,Madagascar,MDG,2005,58.93594
MDG2009,Madagascar,MDG,2009,64.48091
MDG2012,Madagascar,MDG,2012,71.57262
MDG2015,Madagascar,MDG,2015,64.6563
MDG2018,Madagascar,MDG,2018,76.67968
MDG2022,Madagascar,MDG,2022,77.48
MWI1987,Malawi,MWI,1987,48.53665
MWI1998,Malawi,MWI,1998,64.13425
MWI2010,Malawi,MWI,2010,61.30972
MWI2014,Malawi,MWI,2014,65.14537
MWI2015,Malawi,MWI,2015,62.14354
MWI2022,Malawi,MWI,2022,68.08
MYS1980,Malaysia,MYS,1980,69.51633
MYS1991,Malaysia,MYS,1991,82.91537
MYS2000,Malaysia,MYS,2000,88.68776
MYS2010,Malaysia,MYS,2010,93.11789
MYS2015,Malaysia,MYS,2015,94.63699
MDV1977,Maldives,MDV,1977,82.29996
MDV1985,Maldives,MDV,1985,92.23005
MDV1990,Maldives,MDV,1990,96.01826
MDV1995,Maldives,MDV,1995,96.3265
MDV2000,Maldives,MDV,2000,96.3265
MDV2006,Maldives,MDV,2006,98.3979
MDV2014,Maldives,MDV,2014,98.61012
MDV2015,Maldives,MDV,2015,99.32102
MDV2016,Maldives,MDV,2016,97.73495
MDV2021,Maldives,MDV,2021,97.86
MLI1976,Mali,MLI,1976,9.43381
MLI1998,Mali,MLI,1998,19.04497
MLI2003,Mali,MLI,2003,24
MLI2006,Mali,MLI,2006,26.17655
MLI2010,Mali,MLI,2010,31.09975
MLI2011,Mali,MLI,2011,30.61867
MLI2015,Mali,MLI,2015,33.06889
MLI2018,Mali,MLI,2018,35.47377
MLI2020,Mali,MLI,2020,30.76141
MLT1985,Malta,MLT,1985,86.92984
MLT1995,Malta,MLT,1995,87.8687
MLT2005,Malta,MLT,2005,92.36309
MLT2011,Malta,MLT,2011,93.30736
MLT2015,Malta,MLT,2015,94.06661
MLT2021,Malta,MLT,2021,94.94
MHL2011,Marshall Islands,MHL,2011,98.26508
MHL2015,Marshall Islands,MHL,2015,98.26508
MRT2000,Mauritania,MRT,2000,51.20768
MRT2007,Mauritania,MRT,2007,45.50378
MRT2013,Mauritania,MRT,2013,62.06875
MRT2015,Mauritania,MRT,2015,52.12356
MRT2021,Mauritania,MRT,2021,66.96
MUS1990,Mauritius,MUS,1990,79.86866
MUS2000,Mauritius,MUS,2000,84.30309
MUS2011,Mauritius,MUS,2011,89.24984
MUS2012,Mauritius,MUS,2012,91.76601
MUS2013,Mauritius,MUS,2013,91.49003
MUS2014,Mauritius,MUS,2014,92.47476
MUS2015,Mauritius,MUS,2015,92.7076
MUS2016,Mauritius,MUS,2016,93.15784
MUS2021,Mauritius,MUS,2021,92.15
MEX1900,Mexico,MEX,1900,24
MEX1910,Mexico,MEX,1910,30
MEX1920,Mexico,MEX,1920,35
MEX1930,Mexico,MEX,1930,36
MEX1940,Mexico,MEX,1940,46
MEX1950,Mexico,MEX,1950,60
MEX1960,Mexico,MEX,1960,65
MEX1970,Mexico,MEX,1970,75
MEX1979,Mexico,MEX,1979,82
MEX1980,Mexico,MEX,1980,82.98924
MEX1990,Mexico,MEX,1990,87.55615
MEX2000,Mexico,MEX,2000,90.53562
MEX2002,Mexico,MEX,2002,90.27465
MEX2004,Mexico,MEX,2004,90.95374
MEX2005,Mexico,MEX,2005,91.63027
MEX2006,Mexico,MEX,2006,91.73452
MEX2007,Mexico,MEX,2007,92.79517
MEX2008,Mexico,MEX,2008,92.9256
MEX2009,Mexico,MEX,2009,93.44188
MEX2010,Mexico,MEX,2010,93.06894
MEX2011,Mexico,MEX,2011,93.51998
MEX2012,Mexico,MEX,2012,94.2284
MEX2013,Mexico,MEX,2013,93.96285
MEX2014,Mexico,MEX,2014,94.55588
MEX2015,Mexico,MEX,2015,94.47228
MEX2016,Mexico,MEX,2016,94.85962
MEX2017,Mexico,MEX,2017,94.97278
MEX2018,Mexico,MEX,2018,95.37991
MEX2020,Mexico,MEX,2020,95.24785
1980,Micronesia,,1980,89
1990,Middle East & North Africa,,1990,58.496243
2000,Middle East & North Africa,,2000,70.40315
2010,Middle East & North Africa,,2010,80.750015
1990,Middle East & North Africa (IDA & IBRD),,1990,55.75025
2000,Middle East & North Africa (IDA & IBRD),,2000,67.76973
2010,Middle East & North Africa (IDA & IBRD),,2010,78.23286
1990,Middle East & North Africa (excluding high income),,1990,56.03943
2000,Middle East & North Africa (excluding high income),,2000,68.023575
2010,Middle East & North Africa (excluding high income),,2010,78.43881
1974,Middle East and North Africa (WB),,1974,43.99972
1975,Middle East and North Africa (WB),,1975,44.48717
1976,Middle East and North Africa (WB),,1976,45.01565
1977,Middle East and North Africa (WB),,1977,45.55852
1978,Middle East and North Africa (WB),,1978,46.21684
1979,Middle East and North Africa (WB),,1979,46.88817
1980,Middle East and North Africa (WB),,1980,47.65529
1981,Middle East and North Africa (WB),,1981,48.42226
1982,Middle East and North Africa (WB),,1982,49.24596
1983,Middle East and North Africa (WB),,1983,50.03418
1984,Middle East and North Africa (WB),,1984,50.90994
1985,Middle East and North Africa (WB),,1985,51.93806
1986,Middle East and North Africa (WB),,1986,52.89378
1987,Middle East and North Africa (WB),,1987,53.72572
1988,Middle East and North Africa (WB),,1988,54.84007
1989,Middle East and North Africa (WB),,1989,55.84551
1990,Middle East and North Africa (WB),,1990,58.23571
1991,Middle East and North Africa (WB),,1991,59.51876
1992,Middle East and North Africa (WB),,1992,60.49936
1993,Middle East and North Africa (WB),,1993,61.39244
1994,Middle East and North Africa (WB),,1994,62.19767
1995,Middle East and North Africa (WB),,1995,63.81457
1996,Middle East and North Africa (WB),,1996,65.12471
1997,Middle East and North Africa (WB),,1997,66.04063
1998,Middle East and North Africa (WB),,1998,67.25558
1999,Middle East and North Africa (WB),,1999,68.35577
2000,Middle East and North Africa (WB),,2000,69.23674
2001,Middle East and North Africa (WB),,2001,70.5084
2002,Middle East and North Africa (WB),,2002,71.02652
2003,Middle East and North Africa (WB),,2003,74.09117
2004,Middle East and North Africa (WB),,2004,74.7003
2005,Middle East and North Africa (WB),,2005,74.46502
2006,Middle East and North Africa (WB),,2006,74.54419
2007,Middle East and North Africa (WB),,2007,75.23202
2008,Middle East and North Africa (WB),,2008,75.84242
2009,Middle East and North Africa (WB),,2009,75.86177
2010,Middle East and North Africa (WB),,2010,76.66655
2011,Middle East and North Africa (WB),,2011,77.35669
2012,Middle East and North Africa (WB),,2012,79.85406
2013,Middle East and North Africa (WB),,2013,77.86291
2014,Middle East and North Africa (WB),,2014,81.56906
2015,Middle East and North Africa (WB),,2015,79.55848
2016,Middle East and North Africa (WB),,2016,80.59259
2017,Middle East and North Africa (WB),,2017,81.51193
2018,Middle East and North Africa (WB),,2018,79.00979
2019,Middle East and North Africa (WB),,2019,79.341
2020,Middle East and North Africa (WB),,2020,79.76233
2021,Middle East and North Africa (WB),,2021,80.01225
2022,Middle East and North Africa (WB),,2022,80.35759
1990,Middle income,,1990,71.37112
2000,Middle income,,2000,79.70074
2010,Middle income,,2010,84.38868
MDA1989,Moldova,MDA,1989,96.37755
MDA2000,Moldova,MDA,2000,96.6538
MDA2014,Moldova,MDA,2014,99.35989
MDA2015,Moldova,MDA,2015,99.24439
MDA2021,Moldova,MDA,2021,99.6
MCO2003,Monaco,MCO,2003,99
MNG2000,Mongolia,MNG,2000,97.76885
MNG2010,Mongolia,MNG,2010,98.257
MNG2015,Mongolia,MNG,2015,98.36764
MNG2020,Mongolia,MNG,2020,99.18327
MNE1981,Montenegro,MNE,1981,89.6353
MNE1991,Montenegro,MNE,1991,93.46274
MNE2003,Montenegro,MNE,2003,97.77346
MNE2011,Montenegro,MNE,2011,98.44221
MNE2015,Montenegro,MNE,2015,98.71995
MNE2021,Montenegro,MNE,2021,98.98
MSR1970,Montserrat,MSR,1970,97
MAR1982,Morocco,MAR,1982,30.2578
MAR1994,Morocco,MAR,1994,41.59411
MAR2004,Morocco,MAR,2004,52.30626
MAR2008,Morocco,MAR,2008,55.14792
MAR2009,Morocco,MAR,2009,56.08367
MAR2011,Morocco,MAR,2011,67.08416
MAR2012,Morocco,MAR,2012,69.42539
MAR2014,Morocco,MAR,2014,75.5862
MAR2015,Morocco,MAR,2015,71.71055
MAR2022,Morocco,MAR,2022,77.35
MOZ1980,Mozambique,MOZ,1980,26.99771
MOZ1997,Mozambique,MOZ,1997,38.70788
MOZ2003,Mozambique,MOZ,2003,48.15884
MOZ2009,Mozambique,MOZ,2009,50.58381
MOZ2015,Mozambique,MOZ,2015,56.039
MOZ2017,Mozambique,MOZ,2017,60.65543
MOZ2020,Mozambique,MOZ,2020,59.77961
MMR1983,Myanmar,MMR,1983,78.57041
MMR2000,Myanmar,MMR,2000,89.94176
MMR2014,Myanmar,MMR,2014,92.92316
MMR2015,Myanmar,MMR,2015,93.09005
MMR2016,Myanmar,MMR,2016,75.5512
MMR2019,Myanmar,MMR,2019,89.06995
NAM1991,Namibia,NAM,1991,75.81658
NAM2001,Namibia,NAM,2001,84.94426
NAM2007,Namibia,NAM,2007,76.48659
NAM2011,Namibia,NAM,2011,88.27463
NAM2015,Namibia,NAM,2015,90.8205
NAM2021,Namibia,NAM,2021,92.25
NPL1981,Nepal,NPL,1981,20.57367
NPL1991,Nepal,NPL,1991,32.97559
NPL2001,Nepal,NPL,2001,48.60897
NPL2011,Nepal,NPL,2011,59.62725
NPL2015,Nepal,NPL,2015,64.66364
NPL2021,Nepal,NPL,2021,71.15
NLD1475,Netherlands,NLD,1475,17
NLD1550,Netherlands,NLD,1550,12
NLD1650,Netherlands,NLD,1650,53
NLD1750,Netherlands,NLD,1750,85
NLD2003,Netherlands,NLD,2003,99
NCL1976,New Caledonia,NCL,1976,91.30037
NCL1989,New Caledonia,NCL,1989,93.08063
NCL1996,New Caledonia,NCL,1996,96.13792
NCL2006,New Caledonia,NCL,2006,97.3
NCL2014,New Caledonia,NCL,2014,96.80667
NCL2015,New Caledonia,NCL,2015,96.93782
NZL2003,New Zealand,NZL,2003,99
NIC1920,Nicaragua,NIC,1920,39
NIC1930,Nicaragua,NIC,1930,39
NIC1940,Nicaragua,NIC,1940,38
NIC1950,Nicaragua,NIC,1950,38
NIC1960,Nicaragua,NIC,1960,47
NIC1970,Nicaragua,NIC,1970,57
NIC1971,Nicaragua,NIC,1971,57
NIC1972,Nicaragua,NIC,1972,58
NIC1973,Nicaragua,NIC,1973,58
NIC1974,Nicaragua,NIC,1974,59
NIC1975,Nicaragua,NIC,1975,59
NIC1976,Nicaragua,NIC,1976,59
NIC1977,Nicaragua,NIC,1977,60
NIC1978,Nicaragua,NIC,1978,60
NIC1979,Nicaragua,NIC,1979,61
NIC1980,Nicaragua,NIC,1980,61
NIC1981,Nicaragua,NIC,1981,61
NIC1982,Nicaragua,NIC,1982,62
NIC1983,Nicaragua,NIC,1983,62
NIC1984,Nicaragua,NIC,1984,63
NIC1985,Nicaragua,NIC,1985,63
NIC1986,Nicaragua,NIC,1986,63
NIC1987,Nicaragua,NIC,1987,64
NIC1988,Nicaragua,NIC,1988,64
NIC1989,Nicaragua,NIC,1989,64
NIC1990,Nicaragua,NIC,1990,65
NIC1991,Nicaragua,NIC,1991,65
NIC1992,Nicaragua,NIC,1992,65
NIC1993,Nicaragua,NIC,1993,66
NIC1994,Nicaragua,NIC,1994,66
NIC1995,Nicaragua,NIC,1995,67
NIC1996,Nicaragua,NIC,1996,67
NIC1997,Nicaragua,NIC,1997,67
NIC1998,Nicaragua,NIC,1998,68
NIC1999,Nicaragua,NIC,1999,68
NIC2000,Nicaragua,NIC,2000,66
NIC2001,Nicaragua,NIC,2001,76.67713
NIC2005,Nicaragua,NIC,2005,78.00298
NIC2015,Nicaragua,NIC,2015,82.61455
NER2001,Niger,NER,2001,14.37604
NER2005,Niger,NER,2005,28.67242
NER2012,Niger,NER,2012,30.56039
NER2015,Niger,NER,2015,19.1026
NER2022,Niger,NER,2022,38.1
NGA1991,Nigeria,NGA,1991,55.44675
NGA2003,Nigeria,NGA,2003,54.77318
NGA2006,Nigeria,NGA,2006,70.19835
NGA2008,Nigeria,NGA,2008,51.07766
NGA2015,Nigeria,NGA,2015,59.56808
NGA2018,Nigeria,NGA,2018,62.01601
NIU2011,Niue,NIU,2011,95
2003,North America (WB),,2003,98.57133
2004,North America (WB),,2004,98.58384
2005,North America (WB),,2005,98.60252
2006,North America (WB),,2006,98.61302
2007,North America (WB),,2007,98.6258
2008,North America (WB),,2008,98.64645
2017,North America (WB),,2017,98.7193
2018,North America (WB),,2018,98.72725
2019,North America (WB),,2019,98.73326
2020,North America (WB),,2020,98.74023
2021,North America (WB),,2021,98.73995
2022,North America (WB),,2022,98.74067
PRK2008,North Korea,PRK,2008,99.99819
PRK2015,North Korea,PRK,2015,99.99924
PRK2018,North Korea,PRK,2018,99.99819
MKD1994,North Macedonia,MKD,1994,94.05875
MKD2002,North Macedonia,MKD,2002,96.12893
MKD2012,North Macedonia,MKD,2012,97.6
MKD2014,North Macedonia,MKD,2014,97.75175
MKD2015,North Macedonia,MKD,2015,97.84376
MNP1980,Northern Mariana Islands,MNP,1980,97
NOR2011,Norway,NOR,2011,100
OMN2003,Oman,OMN,2003,81.36331
OMN2008,Oman,OMN,2008,86.62114
OMN2010,Oman,OMN,2010,86.939
OMN2014,Oman,OMN,2014,91.9812
OMN2015,Oman,OMN,2015,93.03861
OMN2017,Oman,OMN,2017,95.576
OMN2018,Oman,OMN,2018,95.65153
OMN2022,Oman,OMN,2022,97.33906
1990,Other small states,,1990,73.33838
2000,Other small states,,2000,78.839775
2010,Other small states,,2010,83.64996
2000,Pacific island small states,,2000,86.692055
PAK1981,Pakistan,PAK,1981,25.72519
PAK1998,Pakistan,PAK,1998,42.69931
PAK2005,Pakistan,PAK,2005,49.87364
PAK2006,Pakistan,PAK,2006,54.15121
PAK2007,Pakistan,PAK,2007,52.13683
PAK2008,Pakistan,PAK,2008,55.52637
PAK2009,Pakistan,PAK,2009,54.89264
PAK2010,Pakistan,PAK,2010,55.37519
PAK2011,Pakistan,PAK,2011,54.73802
PAK2012,Pakistan,PAK,2012,56.76434
PAK2013,Pakistan,PAK,2013,55.59499
PAK2014,Pakistan,PAK,2014,56.97715
PAK2015,Pakistan,PAK,2015,56.44031
PAK2017,Pakistan,PAK,2017,59.13205
PAK2018,Pakistan,PAK,2018,57.01057
PAK2019,Pakistan,PAK,2019,57.99886
PLW1980,Palau,PLW,1980,91.92142
PLW1994,Palau,PLW,1994,94.4333
PLW2004,Palau,PLW,2004,96.9898
PLW2013,Palau,PLW,2013,99.50313
PLW2015,Palau,PLW,2015,96.59374
PSE1997,Palestine,PSE,1997,86.07696
PSE2004,Palestine,PSE,2004,92.47751
PSE2006,Palestine,PSE,2006,93.45087
PSE2007,Palestine,PSE,2007,93.7617
PSE2008,Palestine,PSE,2008,94.00984
PSE2009,Palestine,PSE,2009,94.43018
PSE2010,Palestine,PSE,2010,94.71748
PSE2011,Palestine,PSE,2011,95.02582
PSE2012,Palestine,PSE,2012,95.67101
PSE2013,Palestine,PSE,2013,96.04603
PSE2014,Palestine,PSE,2014,96.21293
PSE2015,Palestine,PSE,2015,96.47712
PSE2016,Palestine,PSE,2016,96.71919
PSE2017,Palestine,PSE,2017,96.9244
PSE2018,Palestine,PSE,2018,97.21861
PSE2019,Palestine,PSE,2019,97.37826
PAN1900,Panama,PAN,1900,17
PAN1910,Panama,PAN,1910,27
PAN1920,Panama,PAN,1920,42
PAN1930,Panama,PAN,1930,46
PAN1940,Panama,PAN,1940,58
PAN1950,Panama,PAN,1950,67
PAN1960,Panama,PAN,1960,73
PAN1970,Panama,PAN,1970,79
PAN1971,Panama,PAN,1971,80
PAN1972,Panama,PAN,1972,80
PAN1973,Panama,PAN,1973,81
PAN1974,Panama,PAN,1974,81
PAN1975,Panama,PAN,1975,82
PAN1976,Panama,PAN,1976,83
PAN1977,Panama,PAN,1977,83
PAN1978,Panama,PAN,1978,84
PAN1979,Panama,PAN,1979,84
PAN1980,Panama,PAN,1980,88.07174
PAN1990,Panama,PAN,1990,88.77986
PAN2000,Panama,PAN,2000,91.89962
PAN2010,Panama,PAN,2010,94.09412
PAN2015,Panama,PAN,2015,95.03823
PAN2018,Panama,PAN,2018,95.41181
PAN2019,Panama,PAN,2019,95.73608
PNG2000,Papua New Guinea,PNG,2000,57.34326
PNG2010,Papua New Guinea,PNG,2010,61.6
PNG2014,Papua New Guinea,PNG,2014,63.09609
PNG2015,Papua New Guinea,PNG,2015,63.43349
PRY1900,Paraguay,PRY,1900,31
PRY1910,Paraguay,PRY,1910,38
PRY1920,Paraguay,PRY,1920,45
PRY1930,Paraguay,PRY,1930,52
PRY1940,Paraguay,PRY,1940,59
PRY1950,Paraguay,PRY,1950,66
PRY1960,Paraguay,PRY,1960,73
PRY1970,Paraguay,PRY,1970,80
PRY1971,Paraguay,PRY,1971,80
PRY1972,Paraguay,PRY,1972,81
PRY1973,Paraguay,PRY,1973,82
PRY1974,Paraguay,PRY,1974,82
PRY1975,Paraguay,PRY,1975,83
PRY1976,Paraguay,PRY,1976,84
PRY1977,Paraguay,PRY,1977,84
PRY1978,Paraguay,PRY,1978,85
PRY1979,Paraguay,PRY,1979,85
PRY1980,Paraguay,PRY,1980,86
PRY1981,Paraguay,PRY,1981,86
PRY1982,Paraguay,PRY,1982,78.45861
PRY1992,Paraguay,PRY,1992,90.27182
PRY2007,Paraguay,PRY,2007,94.55822
PRY2008,Paraguay,PRY,2008,93.29208
PRY2009,Paraguay,PRY,2009,93.75424
PRY2010,Paraguay,PRY,2010,93.87092
PRY2012,Paraguay,PRY,2012,94.19747
PRY2013,Paraguay,PRY,2013,95.05904
PRY2014,Paraguay,PRY,2014,95.03481
PRY2015,Paraguay,PRY,2015,95.55484
PRY2016,Paraguay,PRY,2016,94.65024
PRY2018,Paraguay,PRY,2018,94.0208
PRY2019,Paraguay,PRY,2019,93.21353
PRY2020,Paraguay,PRY,2020,94.54455
PER1900,Peru,PER,1900,24
PER1910,Peru,PER,1910,29
PER1920,Peru,PER,1920,33
PER1930,Peru,PER,1930,37
PER1940,Peru,PER,1940,42
PER1950,Peru,PER,1950,51
PER1960,Peru,PER,1960,60
PER1970,Peru,PER,1970,72
PER1979,Peru,PER,1979,79
PER1980,Peru,PER,1980,79
PER1981,Peru,PER,1981,81.91846
PER1993,Peru,PER,1993,87.15063
PER2004,Peru,PER,2004,87.66985
PER2005,Peru,PER,2005,87.90867
PER2006,Peru,PER,2006,88.69934
PER2007,Peru,PER,2007,89.59081
PER2012,Peru,PER,2012,93.84173
PER2014,Peru,PER,2014,93.70795
PER2015,Peru,PER,2015,94.16234
PER2016,Peru,PER,2016,94.17367
PER2017,Peru,PER,2017,94.14961
PER2018,Peru,PER,2018,94.40827
PER2020,Peru,PER,2020,94.49793
PHL1980,Philippines,PHL,1980,83.31723
PHL1990,Philippines,PHL,1990,93.5739
PHL1994,Philippines,PHL,1994,93.91597
PHL2000,Philippines,PHL,2000,92.60006
PHL2003,Philippines,PHL,2003,92.59069
PHL2008,Philippines,PHL,2008,95.4201
PHL2013,Philippines,PHL,2013,96.398
PHL2015,Philippines,PHL,2015,98.18255
PHL2019,Philippines,PHL,2019,96.27817
POL1475,Poland,POL,1475,0
POL1550,Poland,POL,1550,0
POL1650,Poland,POL,1650,3
POL1750,Poland,POL,1750,5
POL1978,Poland,POL,1978,98.74274
POL1988,Poland,POL,1988,99.3
POL1994,Poland,POL,1994,99.40237
POL2004,Poland,POL,2004,99.61794
POL2014,Poland,POL,2014,99.77411
POL2015,Poland,POL,2015,99.78742
POL2021,Poland,POL,2021,99.8
PRT1981,Portugal,PRT,1981,79.43561
PRT1991,Portugal,PRT,1991,87.94785
PRT2011,Portugal,PRT,2011,94.47705
PRT2015,Portugal,PRT,2015,95.42811
PRT2021,Portugal,PRT,2021,96.78
1990,Pre-demographic dividend,,1990,51.186974
2000,Pre-demographic dividend,,2000,55.785202
2010,Pre-demographic dividend,,2010,58.624794
PRI1980,Puerto Rico,PRI,1980,86.74606
PRI1990,Puerto Rico,PRI,1990,89.6225
PRI2004,Puerto Rico,PRI,2004,90.52934
PRI2010,Puerto Rico,PRI,2010,91.96523
PRI2015,Puerto Rico,PRI,2015,93.32942
PRI2017,Puerto Rico,PRI,2017,92.39
PRI2021,Puerto Rico,PRI,2021,92.4
QAT1986,Qatar,QAT,1986,75.63504
QAT1997,Qatar,QAT,1997,83.26216
QAT2004,Qatar,QAT,2004,88.96239
QAT2007,Qatar,QAT,2007,93.08255
QAT2008,Qatar,QAT,2008,93.98973
QAT2009,Qatar,QAT,2009,94.72429
QAT2010,Qatar,QAT,2010,96.28374
QAT2011,Qatar,QAT,2011,96.40687
QAT2012,Qatar,QAT,2012,96.67859
QAT2013,Qatar,QAT,2013,97.47785
QAT2014,Qatar,QAT,2014,97.74669
QAT2015,Qatar,QAT,2015,97.75709
ROU1992,Romania,ROU,1992,96.70998
ROU2002,Romania,ROU,2002,97.29759
ROU2011,Romania,ROU,2011,98.60429
ROU2015,Romania,ROU,2015,98.75703
ROU2021,Romania,ROU,2021,98.9
RUS1820,Russia,RUS,1820,8
RUS1870,Russia,RUS,1870,15
RUS1989,Russia,RUS,1989,97.98605
RUS2002,Russia,RUS,2002,99.44097
RUS2010,Russia,RUS,2010,99.68427
RUS2015,Russia,RUS,2015,99.71957
RUS2021,Russia,RUS,2021,99.92777
RWA1978,Rwanda,RWA,1978,38.24343
RWA1991,Rwanda,RWA,1991,57.85349
RWA2000,Rwanda,RWA,2000,64.8886
RWA2010,Rwanda,RWA,2010,65.85227
RWA2012,Rwanda,RWA,2012,68.33103
RWA2014,Rwanda,RWA,2014,70.80413
RWA2015,Rwanda,RWA,2015,71.2435
RWA2018,Rwanda,RWA,2018,73.21559
RWA2021,Rwanda,RWA,2021,75.9
SHN1987,Saint Helena,SHN,1987,97
KNA2003,Saint Kitts and Nevis,KNA,2003,97.8
LCA2001,Saint Lucia,LCA,2001,90.1
SPM1982,Saint Pierre and Miquelon,SPM,1982,99
VCT1970,Saint Vincent and the Grenadines,VCT,1970,95.63216
VCT1980,Saint Vincent and the Grenadines,VCT,1980,96.9
WSM1991,Samoa,WSM,1991,97.94433
WSM2004,Samoa,WSM,2004,98.54048
WSM2011,Samoa,WSM,2011,98.97326
WSM2015,Samoa,WSM,2015,99.01501
WSM2021,Samoa,WSM,2021,99.1
SMR2011,San Marino,SMR,2011,96
STP1981,Sao Tome and Principe,STP,1981,57.32426
STP1991,Sao Tome and Principe,STP,1991,73.24242
STP2001,Sao Tome and Principe,STP,2001,84.90851
STP2008,Sao Tome and Principe,STP,2008,69.53639
STP2012,Sao Tome and Principe,STP,2012,90.1431
STP2015,Sao Tome and Principe,STP,2015,91.74711
STP2022,Sao Tome and Principe,STP,2022,93.75
SAU1992,Saudi Arabia,SAU,1992,70.82165
SAU2000,Saudi Arabia,SAU,2000,79.35094
SAU2004,Saudi Arabia,SAU,2004,82.85774
SAU2013,Saudi Arabia,SAU,2013,94.42634
SAU2015,Saudi Arabia,SAU,2015,94.84237
SAU2017,Saudi Arabia,SAU,2017,95.32863
SAU2020,Saudi Arabia,SAU,2020,97.58507
SEN1988,Senegal,SEN,1988,26.86885
SEN2002,Senegal,SEN,2002,39.27525
SEN2006,Senegal,SEN,2006,41.89115
SEN2009,Senegal,SEN,2009,48.03678
SEN2011,Senegal,SEN,2011,51.81455
SEN2013,Senegal,SEN,2013,43.5345
SEN2015,Senegal,SEN,2015,55.62485
SEN2017,Senegal,SEN,2017,51.90042
SEN2022,Senegal,SEN,2022,57.67
SRB2003,Serbia,SRB,2003,96.39724
SRB2011,Serbia,SRB,2011,97.96241
SRB2015,Serbia,SRB,2015,98.00289
SRB2016,Serbia,SRB,2016,98.84151
SRB2019,Serbia,SRB,2019,99.48253
SYC1987,Seychelles,SYC,1987,84.22922
SYC1994,Seychelles,SYC,1994,87.81115
SYC2002,Seychelles,SYC,2002,91.83646
SYC2010,Seychelles,SYC,2010,93.95423
SYC2015,Seychelles,SYC,2015,95.32108
SYC2020,Seychelles,SYC,2020,96.2
SLE2004,Sierra Leone,SLE,2004,34.82679
SLE2013,Sierra Leone,SLE,2013,32.42617
SLE2014,Sierra Leone,SLE,2014,47.18624
SLE2015,Sierra Leone,SLE,2015,48.4319
SLE2022,Sierra Leone,SLE,2022,48.64
SGP1980,Singapore,SGP,1980,82.90605
SGP1990,Singapore,SGP,1990,89.096
SGP2000,Singapore,SGP,2000,92.5494
SGP2010,Singapore,SGP,2010,95.85733
SGP2011,Singapore,SGP,2011,96.18604
SGP2012,Singapore,SGP,2012,96.36979
SGP2013,Singapore,SGP,2013,96.54802
SGP2014,Singapore,SGP,2014,96.71669
SGP2015,Singapore,SGP,2015,96.82549
SGP2016,Singapore,SGP,2016,97.04956
SGP2017,Singapore,SGP,2017,97.20222
SGP2018,Singapore,SGP,2018,97.34486
SGP2019,Singapore,SGP,2019,97.47958
SGP2020,Singapore,SGP,2020,97.13185
SVK2004,Slovakia,SVK,2004,99.6
SVN1991,Slovenia,SVN,1991,99.52452
SVN2001,Slovenia,SVN,2001,99.6
SVN2004,Slovenia,SVN,2004,99.65179
SVN2014,Slovenia,SVN,2014,99.71005
SVN2015,Slovenia,SVN,2015,99.71476
1990,Small states,,1990,77.28492
2000,Small states,,2000,81.47796
2010,Small states,,2010,85.654785
SLB1999,Solomon Islands,SLB,1999,76.6
SLB2011,Solomon Islands,SLB,2011,84.1
SOM1972,Somalia,SOM,1972,5.40465
SOM2001,Somalia,SOM,2001,37.8
SOM2022,Somalia,SOM,2022,41.025
ZAF1980,South Africa,ZAF,1980,76.20049
ZAF1996,South Africa,ZAF,1996,82.4021
ZAF2007,South Africa,ZAF,2007,88.71725
ZAF2009,South Africa,ZAF,2009,92.89486
ZAF2010,South Africa,ZAF,2010,92.87732
ZAF2011,South Africa,ZAF,2011,93.10214
ZAF2012,South Africa,ZAF,2012,93.72947
ZAF2014,South Africa,ZAF,2014,94.1399
ZAF2015,South Africa,ZAF,2015,94.36792
ZAF2017,South Africa,ZAF,2017,87.04667
ZAF2019,South Africa,ZAF,2019,95.02297
ZAF2021,South Africa,ZAF,2021,90.00136
1990,South Asia,,1990,46.487602
2000,South Asia,,2000,58.08542
2010,South Asia,,2010,66.69118
1990,South Asia (IDA & IBRD),,1990,46.487602
2000,South Asia (IDA & IBRD),,2000,58.08542
2010,South Asia (IDA & IBRD),,2010,66.69118
1975,South Asia (WB),,1975,36.03934
1976,South Asia (WB),,1976,36.04425
1977,South Asia (WB),,1977,36.6957
1978,South Asia (WB),,1978,37.34392
1979,South Asia (WB),,1979,37.98005
1980,South Asia (WB),,1980,38.5959
1981,South Asia (WB),,1981,38.63157
1982,South Asia (WB),,1982,39.82555
1983,South Asia (WB),,1983,40.47922
1984,South Asia (WB),,1984,41.1337
1985,South Asia (WB),,1985,41.78566
1986,South Asia (WB),,1986,42.44037
1987,South Asia (WB),,1987,43.09805
1988,South Asia (WB),,1988,43.84537
1989,South Asia (WB),,1989,44.61243
1990,South Asia (WB),,1990,45.3592
1991,South Asia (WB),,1991,45.78956
1992,South Asia (WB),,1992,47.08633
1993,South Asia (WB),,1993,48.08146
1994,South Asia (WB),,1994,48.84938
1995,South Asia (WB),,1995,49.64048
1996,South Asia (WB),,1996,50.4492
1997,South Asia (WB),,1997,51.26017
1998,South Asia (WB),,1998,56.10294
1999,South Asia (WB),,1999,56.87631
2000,South Asia (WB),,2000,57.65058
2001,South Asia (WB),,2001,58.09879
2002,South Asia (WB),,2002,59.20313
2003,South Asia (WB),,2003,60.09578
2004,South Asia (WB),,2004,60.87617
2005,South Asia (WB),,2005,60.62967
2006,South Asia (WB),,2006,60.16197
2007,South Asia (WB),,2007,61.70198
2008,South Asia (WB),,2008,62.79358
2009,South Asia (WB),,2009,63.46568
2010,South Asia (WB),,2010,66.03606
2011,South Asia (WB),,2011,66.50597
2012,South Asia (WB),,2012,67.30776
2013,South Asia (WB),,2013,68.05453
2014,South Asia (WB),,2014,68.79317
2015,South Asia (WB),,2015,69.75716
2016,South Asia (WB),,2016,71.10493
2017,South Asia (WB),,2017,71.79036
2018,South Asia (WB),,2018,72.08151
2019,South Asia (WB),,2019,71.94279
2020,South Asia (WB),,2020,72.65861
2021,South Asia (WB),,2021,73.42247
2022,South Asia (WB),,2022,74.18776
KOR2008,South Korea,KOR,2008,97.96594
KOR2018,South Korea,KOR,2018,98.8
SSD2008,South Sudan,SSD,2008,26.83128
SSD2015,South Sudan,SSD,2015,31.97625
SSD2018,South Sudan,SSD,2018,34.52276
1987,Southern and Eastern Africa (WB),,1987,56.85891
1988,Southern and Eastern Africa (WB),,1988,57.16619
1989,Southern and Eastern Africa (WB),,1989,57.61875
1990,Southern and Eastern Africa (WB),,1990,58.18002
1991,Southern and Eastern Africa (WB),,1991,58.14119
1992,Southern and Eastern Africa (WB),,1992,58.53064
1993,Southern and Eastern Africa (WB),,1993,58.9126
1994,Southern and Eastern Africa (WB),,1994,59.52685
1995,Southern and Eastern Africa (WB),,1995,59.92194
1996,Southern and Eastern Africa (WB),,1996,60.43493
1997,Southern and Eastern Africa (WB),,1997,61.17406
1998,Southern and Eastern Africa (WB),,1998,61.40871
1999,Southern and Eastern Africa (WB),,1999,62.25842
2000,Southern and Eastern Africa (WB),,2000,62.49518
2001,Southern and Eastern Africa (WB),,2001,63.41789
2002,Southern and Eastern Africa (WB),,2002,63.74941
2003,Southern and Eastern Africa (WB),,2003,64.3503
2004,Southern and Eastern Africa (WB),,2004,65.60042
2005,Southern and Eastern Africa (WB),,2005,63.94247
2006,Southern and Eastern Africa (WB),,2006,62.13387
2007,Southern and Eastern Africa (WB),,2007,62.83576
2008,Southern and Eastern Africa (WB),,2008,63.30951
2009,Southern and Eastern Africa (WB),,2009,64.00042
2010,Southern and Eastern Africa (WB),,2010,64.61788
2011,Southern and Eastern Africa (WB),,2011,66.82965
2012,Southern and Eastern Africa (WB),,2012,68.36135
2013,Southern and Eastern Africa (WB),,2013,69.3831
2014,Southern and Eastern Africa (WB),,2014,69.83477
2015,Southern and Eastern Africa (WB),,2015,70.31342
2016,Southern and Eastern Africa (WB),,2016,71.0952
2017,Southern and Eastern Africa (WB),,2017,71.00907
2018,Southern and Eastern Africa (WB),,2018,71.39262
2019,Southern and Eastern Africa (WB),,2019,72.63497
2020,Southern and Eastern Africa (WB),,2020,72.78562
2021,Southern and Eastern Africa (WB),,2021,72.58116
2022,Southern and Eastern Africa (WB),,2022,72.6004
ESP1475,Spain,ESP,1475,3
ESP1550,Spain,ESP,1550,4
ESP1650,Spain,ESP,1650,5
ESP1750,Spain,ESP,1750,8
ESP1820,Spain,ESP,1820,20
ESP1870,Spain,ESP,1870,30
ESP1981,Spain,ESP,1981,92.80977
ESP1991,Spain,ESP,1991,96.49497
ESP2004,Spain,ESP,2004,97.16512
ESP2005,Spain,ESP,2005,97.75069
ESP2006,Spain,ESP,2006,97.75214
ESP2007,Spain,ESP,2007,97.93884
ESP2008,Spain,ESP,2008,97.63061
ESP2009,Spain,ESP,2009,97.67927
ESP2010,Spain,ESP,2010,97.7489
ESP2011,Spain,ESP,2011,97.78375
ESP2012,Spain,ESP,2012,97.89454
ESP2013,Spain,ESP,2013,98.07913
ESP2014,Spain,ESP,2014,98.09372
ESP2015,Spain,ESP,2015,98.14326
ESP2016,Spain,ESP,2016,98.25051
ESP2018,Spain,ESP,2018,98.4365
ESP2020,Spain,ESP,2020,98.59446
LKA1981,Sri Lanka,LKA,1981,86.77792
LKA2001,Sri Lanka,LKA,2001,90.68275
LKA2006,Sri Lanka,LKA,2006,90.80883
LKA2008,Sri Lanka,LKA,2008,90.55795
LKA2010,Sri Lanka,LKA,2010,91.18136
LKA2015,Sri Lanka,LKA,2015,92.61417
LKA2016,Sri Lanka,LKA,2016,92.3869
LKA2017,Sri Lanka,LKA,2017,91.89575
LKA2018,Sri Lanka,LKA,2018,91.70982
LKA2019,Sri Lanka,LKA,2019,92.25296
LKA2020,Sri Lanka,LKA,2020,92.3823
LKA2021,Sri Lanka,LKA,2021,92.42903
2000,Sub-Saharan Africa,,2000,56.981934
2010,Sub-Saharan Africa,,2010,60.880547
1990,Sub-Saharan Africa (IDA & IBRD),,1990,52.53158
2000,Sub-Saharan Africa (IDA & IBRD),,2000,56.981934
2010,Sub-Saharan Africa (IDA & IBRD),,2010,60.880547
1985,Sub-Saharan Africa (WB),,1985,49.67415
1986,Sub-Saharan Africa (WB),,1986,49.99364
1987,Sub-Saharan Africa (WB),,1987,50.62375
1988,Sub-Saharan Africa (WB),,1988,51.10168
1989,Sub-Saharan Africa (WB),,1989,51.69056
1990,Sub-Saharan Africa (WB),,1990,52.3394
1991,Sub-Saharan Africa (WB),,1991,52.81162
1992,Sub-Saharan Africa (WB),,1992,53.17252
1993,Sub-Saharan Africa (WB),,1993,53.72444
1994,Sub-Saharan Africa (WB),,1994,54.4332
1995,Sub-Saharan Africa (WB),,1995,54.72776
1996,Sub-Saharan Africa (WB),,1996,55.34565
1997,Sub-Saharan Africa (WB),,1997,56.19275
1998,Sub-Saharan Africa (WB),,1998,56.86825
1999,Sub-Saharan Africa (WB),,1999,57.72549
2000,Sub-Saharan Africa (WB),,2000,56.25376
2001,Sub-Saharan Africa (WB),,2001,57.49454
2002,Sub-Saharan Africa (WB),,2002,57.98504
2003,Sub-Saharan Africa (WB),,2003,58.34713
2004,Sub-Saharan Africa (WB),,2004,59.86667
2005,Sub-Saharan Africa (WB),,2005,58.89574
2006,Sub-Saharan Africa (WB),,2006,60.25526
2007,Sub-Saharan Africa (WB),,2007,57.71746
2008,Sub-Saharan Africa (WB),,2008,57.88128
2009,Sub-Saharan Africa (WB),,2009,58.65356
2010,Sub-Saharan Africa (WB),,2010,59.21304
2011,Sub-Saharan Africa (WB),,2011,60.78816
2012,Sub-Saharan Africa (WB),,2012,61.96924
2013,Sub-Saharan Africa (WB),,2013,62.83043
2014,Sub-Saharan Africa (WB),,2014,63.51338
2015,Sub-Saharan Africa (WB),,2015,64.13228
2016,Sub-Saharan Africa (WB),,2016,64.8614
2017,Sub-Saharan Africa (WB),,2017,65.22324
2018,Sub-Saharan Africa (WB),,2018,66.68364
2019,Sub-Saharan Africa (WB),,2019,67.41086
2020,Sub-Saharan Africa (WB),,2020,67.54763
2021,Sub-Saharan Africa (WB),,2021,67.59193
2022,Sub-Saharan Africa (WB),,2022,67.71501
2000,Sub-Saharan Africa (excluding high income),,2000,56.976406
2010,Sub-Saharan Africa (excluding high income),,2010,60.875755
SDN2000,Sudan,SDN,2000,61.34587
SDN2008,Sudan,SDN,2008,53.51738
SDN2015,Sudan,SDN,2015,58.60132
SDN2018,Sudan,SDN,2018,60.69718
SUR2004,Suriname,SUR,2004,89.59806
SUR2008,Suriname,SUR,2008,94.62094
SUR2010,Suriname,SUR,2010,94.67575
SUR2012,Suriname,SUR,2012,92.86866
SUR2015,Suriname,SUR,2015,95.53899
SUR2021,Suriname,SUR,2021,95
SWE1475,Sweden,SWE,1475,1
SWE1550,Sweden,SWE,1550,1
SWE1650,Sweden,SWE,1650,23
SWE1750,Sweden,SWE,1750,48
SWE1820,Sweden,SWE,1820,75
SWE1870,Sweden,SWE,1870,80
SWE2003,Sweden,SWE,2003,99
CHE2003,Switzerland,CHE,2003,99
SYR1981,Syria,SYR,1981,55.6545
SYR2002,Syria,SYR,2002,82.88825
SYR2004,Syria,SYR,2004,80.84452
SYR2014,Syria,SYR,2014,86.3
SYR2015,Syria,SYR,2015,86.30393
TWN2003,Taiwan,TWN,2003,96.1
TJK1989,Tajikistan,TJK,1989,97.69402
TJK2000,Tajikistan,TJK,2000,99.45068
TJK2010,Tajikistan,TJK,2010,99.7
TJK2014,Tajikistan,TJK,2014,99.76841
TJK2015,Tajikistan,TJK,2015,99.78105
TZA1988,Tanzania,TZA,1988,59.1138
TZA2002,Tanzania,TZA,2002,69.4309
TZA2010,Tanzania,TZA,2010,67.8007
TZA2012,Tanzania,TZA,2012,78.10059
TZA2015,Tanzania,TZA,2015,77.88723
TZA2022,Tanzania,TZA,2022,82.02
THA1980,Thailand,THA,1980,87.98176
THA2000,Thailand,THA,2000,92.64654
THA2005,Thailand,THA,2005,93.50647
THA2010,Thailand,THA,2010,96.43091
THA2013,Thailand,THA,2013,93.70207
THA2015,Thailand,THA,2015,92.86831
THA2018,Thailand,THA,2018,93.76776
THA2021,Thailand,THA,2021,94.1
TGO2000,Togo,TGO,2000,53.1776
TGO2006,Togo,TGO,2006,56.88837
TGO2009,Togo,TGO,2009,57.09338
TGO2011,Togo,TGO,2011,60.40994
TGO2015,Togo,TGO,2015,63.74562
TGO2019,Togo,TGO,2019,66.53708
TON1976,Tonga,TON,1976,99.59246
TON1996,Tonga,TON,1996,98.90537
TON2006,Tonga,TON,2006,99.01846
TON2011,Tonga,TON,2011,99.38553
TON2015,Tonga,TON,2015,99.39786
TON2021,Tonga,TON,2021,99.4
TTO1980,Trinidad and Tobago,TTO,1980,94.97032
TTO1990,Trinidad and Tobago,TTO,1990,96.93855
TTO2000,Trinidad and Tobago,TTO,2000,97.9
TTO2004,Trinidad and Tobago,TTO,2004,98.28851
TTO2014,Trinidad and Tobago,TTO,2014,98.91949
TTO2015,Trinidad and Tobago,TTO,2015,98.96958
TUN1984,Tunisia,TUN,1984,48.1907
TUN1994,Tunisia,TUN,1994,59.06181
TUN2004,Tunisia,TUN,2004,74.297
TUN2007,Tunisia,TUN,2007,77.1904
TUN2008,Tunisia,TUN,2008,77.71462
TUN2010,Tunisia,TUN,2010,79.13058
TUN2011,Tunisia,TUN,2011,79.65391
TUN2012,Tunisia,TUN,2012,80.21875
TUN2014,Tunisia,TUN,2014,79.03643
TUN2015,Tunisia,TUN,2015,81.05419
TUN2022,Tunisia,TUN,2022,83.56
TUR1975,Turkey,TUR,1975,61.62768
TUR1980,Turkey,TUR,1980,65.69434
TUR1985,Turkey,TUR,1985,75.96824
TUR1990,Turkey,TUR,1990,79.23245
TUR2004,Turkey,TUR,2004,87.36549
TUR2005,Turkey,TUR,2005,88.22906
TUR2006,Turkey,TUR,2006,88.11939
TUR2007,Turkey,TUR,2007,88.6559
TUR2009,Turkey,TUR,2009,90.81672
TUR2010,Turkey,TUR,2010,92.6606
TUR2011,Turkey,TUR,2011,94.10609
TUR2012,Turkey,TUR,2012,94.91975
TUR2013,Turkey,TUR,2013,95.25666
TUR2014,Turkey,TUR,2014,95.43963
TUR2015,Turkey,TUR,2015,95.60142
TUR2016,Turkey,TUR,2016,96.16733
TUR2017,Turkey,TUR,2017,96.15053
TUR2019,Turkey,TUR,2019,96.74221
TKM1995,Turkmenistan,TKM,1995,98.77832
TKM2005,Turkmenistan,TKM,2005,99.4
TKM2014,Turkmenistan,TKM,2014,99.67285
TKM2015,Turkmenistan,TKM,2015,99.69293
TCA1970,Turks and Caicos Islands,TCA,1970,98
UGA1991,Uganda,UGA,1991,56.10738
UGA2002,Uganda,UGA,2002,68.14251
UGA2006,Uganda,UGA,2006,71.37314
UGA2010,Uganda,UGA,2010,73.21188
UGA2012,Uganda,UGA,2012,70.19822
UGA2015,Uganda,UGA,2015,73.80984
UGA2018,Uganda,UGA,2018,76.5275
UGA2022,Uganda,UGA,2022,80.59
UKR2001,Ukraine,UKR,2001,99.43041
UKR2012,Ukraine,UKR,2012,99.97435
UKR2014,Ukraine,UKR,2014,99.75347
UKR2015,Ukraine,UKR,2015,99.76411
UKR2021,Ukraine,UKR,2021,100
ARE1975,United Arab Emirates,ARE,1975,53.51488
ARE1985,United Arab Emirates,ARE,1985,71.2353
ARE2005,United Arab Emirates,ARE,2005,90.03385
ARE2015,United Arab Emirates,ARE,2015,92.98637
ARE2019,United Arab Emirates,ARE,2019,97.78251
ARE2021,United Arab Emirates,ARE,2021,98.12636
ARE2022,United Arab Emirates,ARE,2022,98.28541
GBR1475,United Kingdom,GBR,1475,5
GBR1550,United Kingdom,GBR,1550,16
GBR1650,United Kingdom,GBR,1650,53
GBR1750,United Kingdom,GBR,1750,54
GBR1820,United Kingdom,GBR,1820,53
GBR1870,United Kingdom,GBR,1870,76
GBR2003,United Kingdom,GBR,2003,99
USA1870,United States,USA,1870,80
USA1880,United States,USA,1880,83
USA1890,United States,USA,1890,86.7
USA1900,United States,USA,1900,89.3
USA1910,United States,USA,1910,92.3
USA1920,United States,USA,1920,94
USA1930,United States,USA,1930,95.7
USA1940,United States,USA,1940,97.1
USA1947,United States,USA,1947,97.3
USA1950,United States,USA,1950,96.8
USA1952,United States,USA,1952,97.5
USA1959,United States,USA,1959,97.8
USA1969,United States,USA,1969,99
USA1979,United States,USA,1979,99.4
USA2003,United States,USA,2003,99
1990,Upper middle income,,1990,81.91885
2000,Upper middle income,,2000,90.65731
2010,Upper middle income,,2010,94.26899
1976,Upper-middle-income countries,,1976,68.74029
1977,Upper-middle-income countries,,1977,68.93139
1978,Upper-middle-income countries,,1978,69.90414
1979,Upper-middle-income countries,,1979,70.97245
1980,Upper-middle-income countries,,1980,71.50332
1981,Upper-middle-income countries,,1981,72.87539
1982,Upper-middle-income countries,,1982,73.4479
1983,Upper-middle-income countries,,1983,74.5785
1984,Upper-middle-income countries,,1984,75.58398
1985,Upper-middle-income countries,,1985,76.43733
1986,Upper-middle-income countries,,1986,77.26837
1987,Upper-middle-income countries,,1987,78.11403
1988,Upper-middle-income countries,,1988,81.40846
1989,Upper-middle-income countries,,1989,82.00051
1990,Upper-middle-income countries,,1990,81.94503
1991,Upper-middle-income countries,,1991,83.05663
1992,Upper-middle-income countries,,1992,83.58292
1993,Upper-middle-income countries,,1993,84.08188
1994,Upper-middle-income countries,,1994,84.56281
1995,Upper-middle-income countries,,1995,85.04725
1996,Upper-middle-income countries,,1996,85.50188
1997,Upper-middle-income countries,,1997,89.81379
1998,Upper-middle-income countries,,1998,90.20424
1999,Upper-middle-income countries,,1999,90.5234
2000,Upper-middle-income countries,,2000,90.8407
2001,Upper-middle-income countries,,2001,91.18142
2002,Upper-middle-income countries,,2002,91.45816
2003,Upper-middle-income countries,,2003,91.86902
2004,Upper-middle-income countries,,2004,92.12041
2005,Upper-middle-income countries,,2005,92.44411
2006,Upper-middle-income countries,,2006,92.73255
2007,Upper-middle-income countries,,2007,93.57468
2008,Upper-middle-income countries,,2008,93.85072
2009,Upper-middle-income countries,,2009,93.93437
2010,Upper-middle-income countries,,2010,94.1354
2011,Upper-middle-income countries,,2011,94.38587
2012,Upper-middle-income countries,,2012,94.83447
2013,Upper-middle-income countries,,2013,94.60601
2014,Upper-middle-income countries,,2014,95.30264
2015,Upper-middle-income countries,,2015,95.07114
2016,Upper-middle-income countries,,2016,95.64911
2017,Upper-middle-income countries,,2017,95.6296
2018,Upper-middle-income countries,,2018,95.42072
2019,Upper-middle-income countries,,2019,95.73506
2020,Upper-middle-income countries,,2020,95.95692
2021,Upper-middle-income countries,,2021,95.91167
2022,Upper-middle-income countries,,2022,95.95597
URY1900,Uruguay,URY,1900,59
URY1910,Uruguay,URY,1910,65
URY1920,Uruguay,URY,1920,70
URY1930,Uruguay,URY,1930,76
URY1940,Uruguay,URY,1940,81
URY1950,Uruguay,URY,1950,86
URY1960,Uruguay,URY,1960,89
URY1970,Uruguay,URY,1970,93
URY1971,Uruguay,URY,1971,93
URY1972,Uruguay,URY,1972,93
URY1973,Uruguay,URY,1973,93
URY1974,Uruguay,URY,1974,94
URY1975,Uruguay,URY,1975,93.86107
URY1985,Uruguay,URY,1985,95.37998
URY1996,Uruguay,URY,1996,96.78181
URY2006,Uruguay,URY,2006,97.78963
URY2007,Uruguay,URY,2007,97.86389
URY2008,Uruguay,URY,2008,98.16356
URY2009,Uruguay,URY,2009,98.26723
URY2010,Uruguay,URY,2010,98.07271
URY2011,Uruguay,URY,2011,98.3359
URY2012,Uruguay,URY,2012,98.39594
URY2013,Uruguay,URY,2013,98.36387
URY2014,Uruguay,URY,2014,98.43593
URY2015,Uruguay,URY,2015,98.52387
URY2016,Uruguay,URY,2016,98.56147
URY2017,Uruguay,URY,2017,98.61572
URY2018,Uruguay,URY,2018,98.70386
URY2019,Uruguay,URY,2019,98.77035
UZB2000,Uzbekistan,UZB,2000,98.64258
UZB2013,Uzbekistan,UZB,2013,99.99486
UZB2014,Uzbekistan,UZB,2014,99.98055
UZB2015,Uzbekistan,UZB,2015,99.98383
UZB2016,Uzbekistan,UZB,2016,99.98657
UZB2018,Uzbekistan,UZB,2018,99.99289
UZB2019,Uzbekistan,UZB,2019,99.99995
UZB2021,Uzbekistan,UZB,2021,99.99792
UZB2022,Uzbekistan,UZB,2022,99.99998
VUT1979,Vanuatu,VUT,1979,52.87392
VUT1984,Vanuatu,VUT,1984,58.2
VUT1994,Vanuatu,VUT,1994,68.7
VUT1999,Vanuatu,VUT,1999,74
VUT2004,Vanuatu,VUT,2004,78.4
VUT2014,Vanuatu,VUT,2014,84.7
VUT2015,Vanuatu,VUT,2015,85.05868
VUT2021,Vanuatu,VUT,2021,89.1
VAT2011,Vatican,VAT,2011,100
VEN1900,Venezuela,VEN,1900,28
VEN1910,Venezuela,VEN,1910,29
VEN1920,Venezuela,VEN,1920,32
VEN1930,Venezuela,VEN,1930,36
VEN1940,Venezuela,VEN,1940,42
VEN1950,Venezuela,VEN,1950,51
VEN1960,Venezuela,VEN,1960,62
VEN1970,Venezuela,VEN,1970,76
VEN1971,Venezuela,VEN,1971,77
VEN1972,Venezuela,VEN,1972,78
VEN1973,Venezuela,VEN,1973,79
VEN1974,Venezuela,VEN,1974,80
VEN1975,Venezuela,VEN,1975,80
VEN1976,Venezuela,VEN,1976,81
VEN1977,Venezuela,VEN,1977,82
VEN1978,Venezuela,VEN,1978,83
VEN1979,Venezuela,VEN,1979,83
VEN1980,Venezuela,VEN,1980,84
VEN1981,Venezuela,VEN,1981,84.7322
VEN1990,Venezuela,VEN,1990,89.82525
VEN2001,Venezuela,VEN,2001,92.97983
VEN2007,Venezuela,VEN,2007,95.15464
VEN2009,Venezuela,VEN,2009,95.51199
VEN2011,Venezuela,VEN,2011,94.77022
VEN2015,Venezuela,VEN,2015,96.60522
VEN2016,Venezuela,VEN,2016,97.12709
VEN2022,Venezuela,VEN,2022,97.6
VNM1979,Vietnam,VNM,1979,83.82594
VNM1989,Vietnam,VNM,1989,87.59645
VNM1999,Vietnam,VNM,1999,90.2783
VNM2000,Vietnam,VNM,2000,90.15613
VNM2009,Vietnam,VNM,2009,93.52045
VNM2015,Vietnam,VNM,2015,94.51427
VNM2019,Vietnam,VNM,2019,95.75387
2005,Virgin Islands,,2005,90
WLF1969,Wallis and Futuna,WLF,1969,50
1985,Western and Central Africa (WB),,1985,40.29465
1986,Western and Central Africa (WB),,1986,40.55083
1987,Western and Central Africa (WB),,1987,41.29927
1988,Western and Central Africa (WB),,1988,42.03242
1989,Western and Central Africa (WB),,1989,42.82516
1990,Western and Central Africa (WB),,1990,43.60494
1991,Western and Central Africa (WB),,1991,44.82332
1992,Western and Central Africa (WB),,1992,45.16338
1993,Western and Central Africa (WB),,1993,46.00217
1994,Western and Central Africa (WB),,1994,46.86951
1995,Western and Central Africa (WB),,1995,47.01763
1996,Western and Central Africa (WB),,1996,47.80645
1997,Western and Central Africa (WB),,1997,48.82888
1998,Western and Central Africa (WB),,1998,50.17558
1999,Western and Central Africa (WB),,1999,51.05166
2000,Western and Central Africa (WB),,2000,47.05716
2001,Western and Central Africa (WB),,2001,48.76261
2002,Western and Central Africa (WB),,2002,49.47245
2003,Western and Central Africa (WB),,2003,49.47437
2004,Western and Central Africa (WB),,2004,51.38341
2005,Western and Central Africa (WB),,2005,51.42382
2006,Western and Central Africa (WB),,2006,57.47115
2007,Western and Central Africa (WB),,2007,50.11955
2008,Western and Central Africa (WB),,2008,49.81004
2009,Western and Central Africa (WB),,2009,50.69238
2010,Western and Central Africa (WB),,2010,51.15696
2011,Western and Central Africa (WB),,2011,51.76631
2012,Western and Central Africa (WB),,2012,52.41016
2013,Western and Central Africa (WB),,2013,53.00278
2014,Western and Central Africa (WB),,2014,54.00676
2015,Western and Central Africa (WB),,2015,54.81832
2016,Western and Central Africa (WB),,2016,55.43792
2017,Western and Central Africa (WB),,2017,56.48554
2018,Western and Central Africa (WB),,2018,59.56846
2019,Western and Central Africa (WB),,2019,59.51172
2020,Western and Central Africa (WB),,2020,59.61751
2021,Western and Central Africa (WB),,2021,60.03461
2022,Western and Central Africa (WB),,2022,60.3127
OWID_WRL1820,World,OWID_WRL,1820,12
OWID_WRL1870,World,OWID_WRL,1870,19
OWID_WRL1880,World,OWID_WRL,1880,20
OWID_WRL1890,World,OWID_WRL,1890,21
OWID_WRL1900,World,OWID_WRL,1900,21
OWID_WRL1910,World,OWID_WRL,1910,26
OWID_WRL1920,World,OWID_WRL,1920,32
OWID_WRL1930,World,OWID_WRL,1930,33
OWID_WRL1940,World,OWID_WRL,1940,42
OWID_WRL1950,World,OWID_WRL,1950,36
OWID_WRL1960,World,OWID_WRL,1960,42
OWID_WRL1976,World,OWID_WRL,1976,65.58655
OWID_WRL1977,World,OWID_WRL,1977,65.87833
OWID_WRL1978,World,OWID_WRL,1978,66.50104
OWID_WRL1979,World,OWID_WRL,1979,67.15501
OWID_WRL1980,World,OWID_WRL,1980,67.58338
OWID_WRL1981,World,OWID_WRL,1981,68.29191
OWID_WRL1982,World,OWID_WRL,1982,68.84949
OWID_WRL1983,World,OWID_WRL,1983,69.5504
OWID_WRL1984,World,OWID_WRL,1984,70.20852
OWID_WRL1985,World,OWID_WRL,1985,70.8034
OWID_WRL1986,World,OWID_WRL,1986,71.35792
OWID_WRL1987,World,OWID_WRL,1987,72.04868
OWID_WRL1988,World,OWID_WRL,1988,73.77016
OWID_WRL1989,World,OWID_WRL,1989,74.30384
OWID_WRL1990,World,OWID_WRL,1990,74.60577
OWID_WRL1991,World,OWID_WRL,1991,75.19876
OWID_WRL1992,World,OWID_WRL,1992,75.64575
OWID_WRL1993,World,OWID_WRL,1993,76.05962
OWID_WRL1994,World,OWID_WRL,1994,76.46277
OWID_WRL1995,World,OWID_WRL,1995,76.86894
OWID_WRL1996,World,OWID_WRL,1996,77.25817
OWID_WRL1997,World,OWID_WRL,1997,79.24868
OWID_WRL1998,World,OWID_WRL,1998,80.43393
OWID_WRL1999,World,OWID_WRL,1999,80.7684
OWID_WRL2000,World,OWID_WRL,2000,80.87452
OWID_WRL2001,World,OWID_WRL,2001,81.20433
OWID_WRL2002,World,OWID_WRL,2002,81.57198
OWID_WRL2003,World,OWID_WRL,2003,82.06556
OWID_WRL2004,World,OWID_WRL,2004,82.43894
OWID_WRL2005,World,OWID_WRL,2005,82.37777
OWID_WRL2006,World,OWID_WRL,2006,82.46365
OWID_WRL2007,World,OWID_WRL,2007,82.92806
OWID_WRL2008,World,OWID_WRL,2008,83.25666
OWID_WRL2009,World,OWID_WRL,2009,83.5132
OWID_WRL2010,World,OWID_WRL,2010,84.16
OWID_WRL2011,World,OWID_WRL,2011,84.32265
OWID_WRL2012,World,OWID_WRL,2012,84.76106
OWID_WRL2013,World,OWID_WRL,2013,84.86014
OWID_WRL2014,World,OWID_WRL,2014,85.43371
OWID_WRL2015,World,OWID_WRL,2015,85.60183
OWID_WRL2016,World,OWID_WRL,2016,86.06116
OWID_WRL2017,World,OWID_WRL,2017,86.28823
OWID_WRL2018,World,OWID_WRL,2018,86.33905
OWID_WRL2019,World,OWID_WRL,2019,86.4896
OWID_WRL2020,World,OWID_WRL,2020,86.71151
OWID_WRL2021,World,OWID_WRL,2021,86.85275
OWID_WRL2022,World,OWID_WRL,2022,87.01175
YEM1994,Yemen,YEM,1994,37.09
YEM2004,Yemen,YEM,2004,54.1
YEM2014,Yemen,YEM,2014,68.78942
YEM2015,Yemen,YEM,2015,69.96195
ZMB1990,Zambia,ZMB,1990,64.99828
ZMB1999,Zambia,ZMB,1999,68.00179
ZMB2002,Zambia,ZMB,2002,69.14922
ZMB2007,Zambia,ZMB,2007,61.12709
ZMB2010,Zambia,ZMB,2010,83.00767
ZMB2015,Zambia,ZMB,2015,85.11726
ZMB2020,Zambia,ZMB,2020,87.5
ZWE1982,Zimbabwe,ZWE,1982,77.79417
ZWE1992,Zimbabwe,ZWE,1992,83.51258
ZWE2011,Zimbabwe,ZWE,2011,83.58271
ZWE2014,Zimbabwe,ZWE,2014,88.69342
ZWE2015,Zimbabwe,ZWE,2015,86.87348
ZWE2022,Zimbabwe,ZWE,2022,89.85
